Simu;Leaf_Ei;Leaf_area;Fruit_nb
0;0.251044275;0.711395843;15
1;0.278849737;2.165726963;26
2;0.071036401;1.055829455;8
3;0.283114005;2.11549721;12
4;0.435965013;2.17790924;26
5;0.193782322;0.783820319;15
6;0.070949183;1.010939677;15
7;0.137058044;1.25791728;13
8;0.271777674;1.557127518;13
9;0.463723633;0.971056;15
10;0.331886651;1.288789492;20
11;0.508599496;2.115497248;12
12;0.408088424;1.603185343;13
13;0.181320833;1.303975293;12
14;0.470645671;1.303975414;12
15;0.520278348;0.880108303;15
16;0.344420095;1.01110654;16
17;0.250673098;1.159126148;16
18;0.198843642;2.184584305;11
19;0.424918178;1.303975271;12
20;0.232401675;1.303975354;12
21;0.492662538;1.585997066;6
22;0.513475006;0.97105601;15
23;0.3753116;1.012942169;15
24;0.052603172;2.415875379;27
25;0.379595057;0.969053626;15
26;0.391211526;1.035804196;15
27;0.494176886;1.603185394;13
28;0.362942709;1.585997021;6
29;0.079497661;2.015704967;13
30;0.276506146;1.303975394;12
31;0.162978419;1.234053882;20
32;0.051388243;2.138526347;13
33;0.182082349;0.971056053;15
34;0.279451519;2.415875394;27
35;0.347139682;1.012942154;15
36;0.058104275;2.209782594;10
37;0.29402712;2.06326478;21
38;0.261227933;1.527590254;15
39;0.195790792;1.303975256;12
40;0.244700092;1.475524601;13
41;0.223515815;2.026384936;12
42;0.295941265;2.209782616;10
43;0.386560868;1.593339571;10
44;0.2681436;1.01294223;15
45;0.032305947;1.496384209;8
46;0.209452008;1.303975399;12
47;0.439887677;2.172235312;12
48;0.050966753;0.971056212;15
49;0.287450431;1.469183148;9
50;0.035857198;1.037806894;15
51;0.384456484;1.987002089;12
52;0.261084721;1.303975168;12
53;0.12306236;1.303975388;12
54;0.286306691;1.303975304;12
55;0.285958617;1.524753471;18
56;0.458355729;0.969053519;15
57;0.278484873;1.011106578;16
58;0.374083158;1.015111634;16
59;0.483306077;0.971056207;15
60;0.473244943;1.557127353;13
61;0.261662078;1.804438871;21
62;0.233475169;2.036397528;13
63;0.301703346;0.848401589;15
64;0.403960521;1.299469643;20
65;0.125060504;1.009604612;14
66;0.462530115;0.977564386;15
67;0.209758743;1.327671762;11
68;0.244634041;1.531428407;16
69;0.327375221;2.177908985;26
70;0.312756983;1.196506568;20
71;0.326614736;1.0558295;8
72;0.50650503;1.303975109;12
73;0.175404722;0.711395743;15
74;0.195240463;0.788326034;15
75;0.392149085;1.995012146;20
76;0.363650906;1.159126096;16
77;0.400189037;1.585997143;6
78;0.232505519;0.971056136;15
79;0.434070762;1.451160684;12
80;0.505834242;0.969053645;15
81;0.4626923;1.303975282;12
82;0.121851971;1.055829522;8
83;0.435752291;0.783820339;15
84;0.334018544;2.026384957;12
85;0.169940395;0.880108143;15
86;0.393498103;1.012942062;15
87;0.077697368;1.52759014;15
88;0.044470951;2.22813913;10
89;0.473177136;1.010939711;15
90;0.275034502;1.299469701;20
91;0.426308526;1.288789504;20
92;0.20588679;2.415875541;27
93;0.313633077;0.884113218;15
94;0.221680437;1.80877764;27
95;0.184204567;0.969053614;15
96;0.237227162;1.011106481;16
97;0.334286669;1.391752529;21
98;0.424904215;1.804438794;21
99;0.040787926;1.475524619;13
100;0.262916445;1.010939635;15
101;0.449656065;1.590502892;11
102;0.492172978;0.969053543;15
103;0.069204346;1.257917327;13
104;0.254846539;1.590502761;11
105;0.24924146;1.829303458;21
106;0.49258576;0.783820219;15
107;0.368988605;1.593339581;10
108;0.151756224;1.592171516;5
109;0.374052078;1.288789524;20
110;0.276144533;0.969053534;15
111;0.521285567;0.971056108;15
112;0.274115361;1.28878946;20
113;0.087612985;1.179318389;16
114;0.060864983;2.379162535;27
115;0.094255639;2.335273886;14
116;0.299265208;1.557127411;13
117;0.430591034;1.603185385;13
118;0.449262711;0.969053621;15
119;0.266282765;1.531428381;16
120;0.211154593;0.969053593;15
121;0.451942024;1.055829494;8
122;0.307437624;1.009604648;14
123;0.057837637;0.971056049;15
124;0.098613541;1.303474644;13
125;0.203632084;0.783820281;15
126;0.146184911;1.585997114;6
127;0.398540647;0.884113307;15
128;0.350364066;2.115497135;12
129;0.288340083;1.012942237;15
130;0.182298845;0.977564238;15
131;0.235967227;0.971056155;15
132;0.313354058;1.135429695;16
133;0.370744105;1.309982849;12
134;0.021542622;2.335273964;14
135;0.468365774;1.585997228;6
136;0.399803904;0.884113292;15
137;0.422781284;1.012942109;15
138;0.506071336;0.850404211;15
139;0.072195681;1.769895396;30
140;0.281398153;1.303975399;12
141;0.206382048;0.886115848;15
142;0.159852784;1.769895433;30
143;0.03144009;1.011106455;16
144;0.109510514;0.969053433;15
145;0.409522275;1.035804316;15
146;0.412334176;1.087536107;16
147;0.484637801;0.828209571;15
148;0.342594219;0.783820396;15
149;0.030971685;1.291459578;12
150;0.47597243;1.035804309;15
151;0.272252515;0.783820354;15
152;0.450907431;1.291459758;12
153;0.188764848;0.783820323;15
154;0.248307047;0.969053608;15
155;0.31327443;1.035804348;15
156;0.382258698;1.288789567;20
157;0.257476863;2.015704853;13
158;0.500238384;1.573481324;7
159;0.22841945;1.492879803;11
160;0.152653742;1.011106442;16
161;0.341522904;1.309982862;12
162;0.208894143;0.807016192;15
163;0.327033081;0.969053474;15
164;0.139292262;2.1845841;11
165;0.189929985;1.769895357;30
166;0.162878447;0.783820371;15
167;0.062692439;0.971056117;15
168;0.367300592;1.035804271;15
169;0.3608162;1.179318295;16
170;0.455306322;1.303975342;12
171;0.382429241;2.177909161;26
172;0.089328153;1.303975407;12
173;0.43484926;2.417877933;27
174;0.1913886;1.603185467;13
175;0.285390066;2.026385049;12
176;0.451196137;1.80443884;21
177;0.076648535;1.391752401;21
178;0.196162084;1.569976832;10
179;0.055548576;1.309982815;12
180;0.232044814;0.969053568;15
181;0.396390843;1.30397528;12
182;0.431116737;2.015704818;13
183;0.450611236;0.788326106;15
184;0.298513894;1.299469532;20
185;0.327097336;0.807016164;15
186;0.13335364;1.327671753;11
187;0.279087033;1.234053873;20
188;0.176468321;0.969053531;15
189;0.028914;1.52759017;15
190;0.401711408;1.303975294;12
191;0.22400669;2.015704876;13
192;0.116585351;2.177909173;26
193;0.275779588;1.303975237;12
194;0.223465737;1.475524655;13
195;0.192385701;1.569976918;10
196;0.093895084;1.303474635;13
197;0.467137484;2.057757716;19
198;0.526302311;0.971056167;15
199;0.200063121;0.971056068;15
200;0.085062436;0.969053623;15
201;0.408958153;1.234053885;20
202;0.084076987;1.496384211;8
203;0.108688022;0.969053625;15
204;0.434911308;1.585997109;6
205;0.229165497;2.026384889;12
206;0.205300514;1.808777675;27
207;0.346265498;1.012942165;15
208;0.126458505;1.299469568;20
209;0.364523429;1.303975369;12
210;0.53155681;0.969053552;15
211;0.423793766;1.012942214;15
212;0.270888018;2.177909075;26
213;0.301233072;0.969053563;15
214;0.267148748;1.035804226;15
215;0.272656839;2.18475117;11
216;0.091794912;1.56997695;10
217;0.384720289;2.01570503;13
218;0.23106661;2.026384999;12
219;0.438078993;0.850404111;15
220;0.164376313;0.969053568;15
221;0.359363855;0.850404076;15
222;0.082992922;1.288789573;20
223;0.197105736;1.00960472;14
224;0.336377581;2.177909313;26
225;0.309204193;0.836052838;15
226;0.275822971;1.234053864;20
227;0.451279628;1.011106449;16
228;0.3381841;0.969053513;15
229;0.353342642;0.97756415;15
230;0.03252494;1.303975371;12
231;0.487228295;1.593339788;10
232;0.44548555;1.011106498;16
233;0.310605662;1.469183223;9
234;0.422984588;1.010939683;15
235;0.068664607;1.585997132;6
236;0.31341615;1.303975283;12
237;0.388426534;0.971056033;15
238;0.358437799;0.884113141;15
239;0.21489596;1.179318406;16
240;0.038385988;1.234053967;20
241;0.3809439;1.288789473;20
242;0.38037385;2.415875524;27
243;0.419460053;1.01110645;16
244;0.069867842;1.055829524;8
245;0.376546351;1.804438777;21
246;0.043853157;2.17790913;26
247;0.441050966;0.783820328;15
248;0.372107638;0.971056063;15
249;0.412012244;2.177909137;26
250;0.351964316;1.303975438;12
251;0.422716841;1.299469661;20
252;0.298261168;1.447990037;18
253;0.377185832;1.303975258;12
254;0.048365385;1.303975261;12
255;0.372839608;1.011106567;16
256;0.051514208;1.012942084;15
257;0.255123069;1.012942145;15
258;0.143466404;0.971056088;15
259;0.214023856;0.830045221;15
260;0.460381056;1.592171607;5
261;0.140029848;2.055755291;19
262;0.411669923;0.884113284;15
263;0.298367052;1.498887468;17
264;0.204240138;1.010939629;15
265;0.338932022;2.215623141;12
266;0.30773103;1.603185459;13
267;0.217484744;2.036397584;13
268;0.216198734;1.569976913;10
269;0.299096339;1.391752393;21
270;0.281750282;1.804438832;21
271;0.039803844;0.836052743;15
272;0.055801689;1.30397536;12
273;0.429241067;1.303975393;12
274;0.344461724;0.971056118;15
275;0.388456201;1.011106497;16
276;0.142538669;1.45116058;12
277;0.197816301;0.971056048;15
278;0.152549423;0.783820252;15
279;0.070868476;1.804438893;21
280;0.491281968;1.585997013;6
281;0.343490219;1.012942097;15
282;0.389249071;1.303975224;12
283;0.425128408;1.585997044;6
284;0.318425574;1.475524576;13
285;0.364178122;0.9690536;15
286;0.148675668;1.234053857;20
287;0.066392675;2.144867305;12
288;0.191287591;0.977564278;15
289;0.432953734;0.969053478;15
290;0.50627778;0.971056053;15
291;0.09851598;0.96905366;15
292;0.380587373;2.177909193;26
293;0.278577874;0.969053569;15
294;0.269343388;0.880108202;15
295;0.042231739;0.971056119;15
296;0.216424779;1.303975281;12
297;0.205118058;1.039809263;15
298;0.186159428;0.884113298;15
299;0.49660701;0.969053602;15
300;0.135273813;1.055829472;8
301;0.510905325;0.977564293;15
302;0.174854003;1.035804366;15
303;0.101979025;1.011106486;16
304;0.036798883;1.59217135;5
305;0.460892161;1.291459528;12
306;0.320457313;0.711395714;15
307;0.053697234;1.012942116;15
308;0.447406811;0.971056024;15
309;0.398028934;1.303975384;12
310;0.251564337;0.788325989;15
311;0.235387149;1.0129421;15
312;0.14134931;1.303975332;12
313;0.366739584;1.475524738;13
314;0.465790611;2.165727095;26
315;0.472953523;1.009604602;14
316;0.482896364;1.412612138;18
317;0.419823639;1.035804365;15
318;0.467387771;1.303975183;12
319;0.025244857;2.165727064;26
320;0.151299782;1.388248131;10
321;0.265023979;0.884113199;15
322;0.142125998;2.19276105;12
323;0.183043593;1.585997021;6
324;0.505146992;0.78832608;15
325;0.120072813;1.055829561;8
326;0.369703078;2.184751042;11
327;0.085431437;0.977564278;15
328;0.451720296;1.303975304;12
329;0.140044272;1.01294212;15
330;0.482252408;2.228138967;10
331;0.34299371;1.015111553;16
332;0.260785895;1.475524627;13
333;0.181595914;1.590502746;11
334;0.429083734;1.447990003;18
335;0.453974244;1.303975252;12
336;0.155056476;0.977564327;15
337;0.224238909;0.969053525;15
338;0.447635907;0.78382029;15
339;0.015232684;2.057757804;19
340;0.367752155;1.30397522;12
341;0.362960283;2.20978268;10
342;0.116704171;1.010939568;15
343;0.117777983;0.711395796;15
344;0.467344426;1.800100068;28
345;0.074380939;1.01110652;16
346;0.195828195;1.303975239;12
347;0.494806869;2.074111805;12
348;0.118563744;1.303975264;12
349;0.431589121;0.884113335;15
350;0.154005244;1.303975296;12
351;0.429141965;1.428131628;13
352;0.358872386;1.01294216;15
353;0.482575903;0.884113322;15
354;0.334561133;1.303975444;12
355;0.086808727;1.288789522;20
356;0.198841215;2.030223167;21
357;0.196727696;1.804438818;21
358;0.469801935;1.011106431;16
359;0.392130842;2.138526242;13
360;0.057074449;1.590502673;11
361;0.311308453;1.234053848;20
362;0.305163053;1.011106507;16
363;0.295365283;1.303975236;12
364;0.062862836;2.02638488;12
365;0.468455126;1.012942124;15
366;0.308030758;1.769895366;30
367;0.518510969;1.309982929;12
368;0.284647674;1.03980943;15
369;0.303446978;2.144867514;12
370;0.261036111;0.977564272;15
371;0.117980002;1.015111664;16
372;0.091003898;1.327671893;11
373;0.204927965;1.451160522;12
374;0.194160996;1.808777491;27
375;0.16545923;1.309982839;12
376;0.401649953;1.531428298;16
377;0.481009402;1.012942052;15
378;0.384573376;1.234053925;20
379;0.094410143;2.026384903;12
380;0.045563219;0.971056074;15
381;0.22956474;0.971056141;15
382;0.221358297;1.451160645;12
383;0.027608491;1.451160667;12
384;0.427140484;1.23405397;20
385;0.184490727;1.531428521;16
386;0.39455044;2.228139255;10
387;0.344745103;1.447989932;18
388;0.413602203;2.209782667;10
389;0.16160779;1.055829588;8
390;0.416042241;0.884113254;15
391;0.333707188;2.379162503;27
392;0.482124344;1.808777539;27
393;0.423498871;1.524085744;14
394;0.14868208;2.115497167;12
395;0.022618554;1.524753308;18
396;0.192102994;0.97756433;15
397;0.273695916;1.603185411;13
398;0.51427827;1.327671818;11
399;0.453918547;1.012942192;15
400;0.022245468;2.026384953;12
401;0.123724672;1.010939555;15
402;0.544721303;1.303975238;12
403;0.040881671;2.415875542;27
404;0.451794202;0.783820244;15
405;0.346888392;1.303975278;12
406;0.121093689;1.588667169;12
407;0.035712359;1.52759028;15
408;0.124209555;1.288789444;20
409;0.257203477;0.850404124;15
410;0.442388027;1.496384157;8
411;0.051564123;1.012942123;15
412;0.184459768;1.012942131;15
413;0.101913278;0.969053628;15
414;0.110217934;1.011106437;16
415;0.25693441;1.234053964;20
416;0.390820431;1.593339699;10
417;0.467931164;1.303975395;12
418;0.244317688;1.59050286;11
419;0.351813517;1.98700204;12
420;0.432065692;0.783820388;15
421;0.337196702;1.011106491;16
422;0.043135193;1.327671746;11
423;0.154037673;0.969053599;15
424;0.498358176;1.49638425;8
425;0.305521344;0.971056122;15
426;0.499453692;1.276607469;18
427;0.113991505;0.971056082;15
428;0.411489219;0.783820307;15
429;0.177669576;1.011106489;16
430;0.090281568;0.828209594;15
431;0.085929615;0.711395791;15
432;0.319162656;1.011106478;16
433;0.438224289;0.836052766;15
434;0.043611913;1.412612127;18
435;0.424730212;0.97756424;15
436;0.117587537;1.524085711;14
437;0.187034202;1.309982898;12
438;0.404229534;1.179318328;16
439;0.109765531;1.011106473;16
440;0.272293743;1.009604595;14
441;0.107348771;1.303975411;12
442;0.314730843;1.447990065;18
443;0.465368478;1.234053917;20
444;0.237318588;1.055829522;8
445;0.433596619;0.971056137;15
446;0.120426607;0.969053643;15
447;0.216119444;1.087536162;16
448;0.143365244;2.22813886;10
449;0.453066394;1.309982749;12
450;0.100988163;2.115497168;12
451;0.248332761;2.215623134;12
452;0.271219894;0.971056224;15
453;0.319659683;2.209782508;10
454;0.486638515;1.58866698;12
455;0.225364168;2.3791625;27
456;0.030687787;1.011106452;16
457;0.330396422;1.496384239;8
458;0.47145303;0.884113257;15
459;0.28168107;1.05299252;14
460;0.184474054;2.20978249;10
461;0.086333451;2.180245348;12
462;0.44786025;1.303975371;12
463;0.138192445;1.288789399;20
464;0.306252565;0.711395775;15
465;0.275078096;1.055829604;8
466;0.433458096;1.012942248;15
467;0.361647833;0.848401555;15
468;0.352083069;1.303975345;12
469;0.312246279;1.159126295;16
470;0.409661441;1.309982734;12
471;0.052007712;1.303975328;12
472;0.20612799;1.388248143;10
473;0.524803037;0.850404181;15
474;0.459750032;1.303474752;13
475;0.043054351;1.498887483;17
476;0.021919774;1.804438732;21
477;0.119196761;0.969053478;15
478;0.324320847;1.327671927;11
479;0.038595088;1.603185353;13
480;0.295681353;0.886115806;15
481;0.22225051;2.209782485;10
482;0.141753109;1.01110649;16
483;0.217391664;1.276607507;18
484;0.036648959;2.172235432;12
485;0.360638449;1.808777804;27
486;0.452829271;1.327671845;11
487;0.131596708;0.971056066;15
488;0.473408941;1.303975261;12
489;0.082792917;1.569976968;10
490;0.256624036;1.012942185;15
491;0.292038272;1.159126222;16
492;0.196293204;1.234053908;20
493;0.048713403;1.527590317;15
494;0.091240821;1.012942142;15
495;0.324465504;1.496384157;8
496;0.437052668;0.788326019;15
497;0.348248661;1.451160645;12
498;0.255875476;1.573481448;7
499;0.359704283;0.969053521;15
500;0.256956802;0.969053642;15
501;0.453178489;2.144867527;12
502;0.451688767;1.055829564;8
503;0.400843506;1.303975374;12
504;0.379397987;1.039809337;15
505;0.369445599;0.97756424;15
506;0.333665687;2.184584033;11
507;0.44726702;1.475524606;13
508;0.049913981;1.303975315;12
509;0.135670134;1.475524693;13
510;0.519698643;1.496384267;8
511;0.44960089;1.585997041;6
512;0.236780457;1.303975164;12
513;0.085529559;1.303975107;12
514;0.140842291;0.969053467;15
515;0.1279108;1.012942217;15
516;0.03376945;0.971056075;15
517;0.523910509;1.58599711;6
518;0.523793766;0.884113285;15
519;0.363607196;1.15912632;16
520;0.350067143;2.177909016;26
521;0.166460511;0.971056072;15
522;0.452041893;2.228138812;10
523;0.499056834;1.234053975;20
524;0.144529769;1.234053863;20
525;0.440479333;1.585997069;6
526;0.35205589;1.288789424;20
527;0.408680517;0.977564394;15
528;0.334910014;1.585997136;6
529;0.138756804;2.41787795;27
530;0.315537837;0.971056097;15
531;0.097515219;0.807016274;15
532;0.318516808;0.848401706;15
533;0.120670695;1.585997008;6
534;0.289643646;1.303975249;12
535;0.09604081;0.969053545;15
536;0.260341066;0.971056119;15
537;0.380304955;1.035804304;15
538;0.203856248;1.829303458;21
539;0.347325775;1.303975377;12
540;0.031207562;0.971056004;15
541;0.341425916;1.388248074;10
542;0.348953263;0.884113252;15
543;0.45723507;0.783820318;15
544;0.46652935;1.804438715;21
545;0.245895466;0.836052802;15
546;0.443059508;0.96905356;15
547;0.187672845;1.055829546;8
548;0.05450459;1.585997124;6
549;0.311353018;0.969053632;15
550;0.343879917;0.969053615;15
551;0.343168345;1.01110651;16
552;0.511657261;1.011106504;16
553;0.300719894;2.415875253;27
554;0.260976857;1.569976857;10
555;0.400230851;0.783820284;15
556;0.030547491;1.303975173;12
557;0.395361894;0.969053617;15
558;0.247268915;1.592171553;5
559;0.365742884;1.557127487;13
560;0.330368897;1.303975305;12
561;0.457595121;0.977564316;15
562;0.412963303;1.303975358;12
563;0.452629205;0.828209475;15
564;0.403209194;2.177909219;26
565;0.471514301;0.971056229;15
566;0.383780604;2.335273887;14
567;0.546577235;1.012942197;15
568;0.269220262;1.537269195;10
569;0.315580142;2.172235279;12
570;0.168551995;2.177909147;26
571;0.428972617;1.011106652;16
572;0.272877828;2.41587543;27
573;0.17551118;1.291459357;12
574;0.170732763;1.015111507;16
575;0.415024939;0.96905348;15
576;0.322084602;0.783820312;15
577;0.287095887;1.299469662;20
578;0.327239346;1.557127392;13
579;0.215399532;1.303975329;12
580;0.468865419;1.428131685;13
581;0.131007606;1.451160707;12
582;0.277515826;1.593339778;10
583;0.293265767;1.012942143;15
584;0.290626618;1.011106604;16
585;0.17114212;0.969053617;15
586;0.03182898;1.299469641;20
587;0.336961144;1.569976968;10
588;0.029640646;1.012942111;15
589;0.33074386;1.603185367;13
590;0.396472884;1.035804232;15
591;0.050304183;1.603185438;13
592;0.158102759;0.96905351;15
593;0.13295231;1.531428375;16
594;0.259559062;1.012942257;15
595;0.146693129;0.828209635;15
596;0.521523181;0.971056059;15
597;0.200480501;2.548375654;27
598;0.259020343;0.977564315;15
599;0.464216824;0.977564321;15
600;0.309677955;1.011106558;16
601;0.540957383;1.012942076;15
602;0.264963982;1.303975334;12
603;0.023788818;1.447989981;18
604;0.070099613;1.475524625;13
605;0.233185692;0.969053561;15
606;0.531904147;1.010939674;15
607;0.45626677;1.527590226;15
608;0.094168699;0.880108322;15
609;0.025231229;2.300730453;26
610;0.488891699;1.011106481;16
611;0.239959281;1.052992508;14
612;0.431632009;2.026384861;12
613;0.413797561;1.30397534;12
614;0.190362709;1.309982855;12
615;0.22817527;0.783820246;15
616;0.193175437;2.144867516;12
617;0.3003175;0.850404091;15
618;0.445379793;2.192761259;12
619;0.42589083;2.192761108;12
620;0.44946425;2.172235258;12
621;0.425752652;1.303975261;12
622;0.26597532;1.557127413;13
623;0.046766822;1.303975268;12
624;0.283598071;1.524085829;14
625;0.36523728;1.496384201;8
626;0.153148676;1.804438864;21
627;0.311643265;2.192761191;12
628;0.382591476;1.055829429;8
629;0.426851722;1.769895392;30
630;0.034923615;2.015704882;13
631;0.397116626;1.30998296;12
632;0.138313808;0.783820356;15
633;0.215934908;1.062337839;15
634;0.130482845;2.144867572;12
635;0.380543106;1.804438906;21
636;0.323257318;1.30397532;12
637;0.342986264;0.971056029;15
638;0.298857627;1.603185428;13
639;0.228799505;1.299469661;20
640;0.244455175;2.073444087;14
641;0.445379743;0.783820343;15
642;0.479735475;0.783820325;15
643;0.323074183;0.971056175;15
644;0.498907934;1.035804192;15
645;0.178626484;1.585997095;6
646;0.517037055;2.073444216;14
647;0.373023776;1.039809203;15
648;0.268474804;0.971056148;15
649;0.28274855;1.531428406;16
650;0.169407367;1.234053914;20
651;0.422843873;1.585997085;6
652;0.388077595;0.977564348;15
653;0.281850909;0.783820291;15
654;0.38685668;1.196506623;20
655;0.275819782;1.527590207;15
656;0.291820973;0.783820334;15
657;0.165729542;1.299469494;20
658;0.204498495;1.010939639;15
659;0.504551604;1.035804205;15
660;0.068614344;1.234053839;20
661;0.215142396;2.057757849;19
662;0.252279443;1.303975244;12
663;0.302399436;2.184750932;11
664;0.196713744;1.234053845;20
665;0.133711766;1.585997055;6
666;0.419007644;1.603185437;13
667;0.336580878;0.884113246;15
668;0.513535401;0.711395739;15
669;0.025202564;1.291459683;12
670;0.131413823;1.009604715;14
671;0.468240873;1.30397542;12
672;0.484448681;2.026384905;12
673;0.015932329;2.18458403;11
674;0.311132325;1.303975431;12
675;0.541640759;0.969053522;15
676;0.409491279;1.496384304;8
677;0.505431056;1.585997131;6
678;0.311759792;0.969053459;15
679;0.351734221;1.303975264;12
680;0.017545855;2.228138759;10
681;0.288938987;0.884113213;15
682;0.423319923;2.5483756;27
683;0.214138377;1.325669226;19
684;0.378389963;1.492879862;11
685;0.229651712;2.228138942;10
686;0.229054177;1.475524642;13
687;0.354251711;0.886115721;15
688;0.45207093;0.971056084;15
689;0.084401801;1.327671811;11
690;0.295738017;1.055829517;8
691;0.411446088;1.496384253;8
692;0.109080594;1.58599707;6
693;0.433097917;1.303975275;12
694;0.421955111;1.593339578;10
695;0.332395245;2.177909036;26
696;0.474915374;0.971056115;15
697;0.24891785;1.995012105;20
698;0.304594866;0.880108288;15
699;0.356398716;0.971056188;15
700;0.229733731;1.01294203;15
701;0.125547658;1.309982785;12
702;0.35231611;1.569976907;10
703;0.359938397;1.276607394;18
704;0.367273452;1.498887512;17
705;0.25177163;1.257917314;13
706;0.494283542;0.783820232;15
707;0.431081936;1.01093966;15
708;0.468292275;1.303474712;13
709;0.352111525;1.303975263;12
710;0.475015628;1.498887396;17
711;0.217512814;2.184750922;11
712;0.544045134;1.32767172;11
713;0.177991279;1.412612112;18
714;0.340131456;1.303975308;12
715;0.270058205;2.259345005;26
716;0.215840358;1.303975171;12
717;0.206033986;1.288789457;20
718;0.205129538;2.177909243;26
719;0.280903966;1.011106497;16
720;0.520185602;0.971056104;15
721;0.331652322;1.52475336;18
722;0.487375768;1.012942169;15
723;0.151880175;1.49888736;17
724;0.02235683;1.44798994;18
725;0.346085732;1.571645693;13
726;0.487046423;0.969053588;15
727;0.425142294;1.288789522;20
728;0.51929622;0.711395792;15
729;0.367023219;1.035804347;15
730;0.061097862;1.309982794;12
731;0.376433371;1.30397532;12
732;0.252917946;0.783820355;15
733;0.451454135;1.808777697;27
734;0.238419333;1.557127388;13
735;0.022375222;2.115496995;12
736;0.452853424;1.496384349;8
737;0.293482475;1.496384201;8
738;0.044236921;0.97105604;15
739;0.075587786;1.011106558;16
740;0.330040658;0.971056104;15
741;0.224407714;1.010939638;15
742;0.287333432;2.026385087;12
743;0.458960611;1.388247861;10
744;0.057343509;1.804439002;21
745;0.409158863;1.585996875;6
746;0.439244299;1.800100004;28
747;0.324101723;1.303975331;12
748;0.202057515;2.415875339;27
749;0.356661526;1.303975285;12
750;0.353345552;0.969053658;15
751;0.413846368;1.303975253;12
752;0.244838949;0.850404213;15
753;0.417747615;1.087536035;16
754;0.284904821;1.451160567;12
755;0.492381344;1.055829443;8
756;0.320166901;1.1591263;16
757;0.366289753;0.850404195;15
758;0.440908922;1.303474702;13
759;0.425896815;1.469183323;9
760;0.318842156;1.769895434;30
761;0.218610017;1.585997164;6
762;0.511347315;0.977564245;15
763;0.331179852;2.116164656;26
764;0.163555492;1.012942099;15
765;0.354158812;1.30998289;12
766;0.147243745;2.115497207;12
767;0.046209754;1.303975181;12
768;0.521686305;0.783820281;15
769;0.479223475;1.537269219;10
770;0.462689041;1.569976919;10
771;0.346396137;1.303975176;12
772;0.132616272;1.303975287;12
773;0.431677199;0.711395753;15
774;0.330760134;1.012942217;15
775;0.110674053;0.783820272;15
776;0.18836646;0.848401688;15
777;0.361302793;0.884113256;15
778;0.032747474;1.496384208;8
779;0.349830999;1.010939677;15
780;0.121137887;1.309982727;12
781;0.240825134;0.886115796;15
782;0.54857558;1.012942204;15
783;0.444334971;0.788326046;15
784;0.430840872;0.783820421;15
785;0.228430747;0.971056083;15
786;0.210150362;1.769895382;30
787;0.304450222;1.303975359;12
788;0.331175505;1.303975292;12
789;0.541122706;1.012942194;15
790;0.443926766;0.788325982;15
791;0.214068517;0.88411334;15
792;0.162540337;1.303975255;12
793;0.327321207;0.711395764;15
794;0.030914745;2.180245393;12
795;0.09841609;2.026384967;12
796;0.130784173;1.01110651;16
797;0.397382571;0.971056025;15
798;0.060829282;1.303474591;13
799;0.39570319;1.987002003;12
800;0.377256307;0.969053602;15
801;0.417411348;1.475524764;13
802;0.115207484;1.492879822;11
803;0.344115228;1.234053881;20
804;0.252034699;0.977564208;15
805;0.458307231;1.303975248;12
806;0.154136135;1.524085911;14
807;0.369135865;1.257917246;13
808;0.409412871;1.388248027;10
809;0.285796867;1.451160544;12
810;0.02168854;1.303975285;12
811;0.46009015;1.009604583;14
812;0.178490335;1.303975291;12
813;0.28287794;1.299469623;20
814;0.442246552;1.588667176;12
815;0.132685433;0.836052815;15
816;0.120228724;1.585997274;6
817;0.360374325;1.011106559;16
818;0.095354797;0.850404159;15
819;0.518864976;0.971056027;15
820;0.470235991;1.010939665;15
821;0.379999795;0.788326054;15
822;0.305182401;0.969053548;15
823;0.165455764;1.769895374;30
824;0.342059506;1.58599701;6
825;0.503781366;0.971056065;15
826;0.510428063;1.303975448;12
827;0.031934208;1.585997009;6
828;0.050351475;0.977564339;15
829;0.458651147;0.807016206;15
830;0.061304927;1.303975375;12
831;0.426069409;1.769895217;30
832;0.521208945;0.884113288;15
833;0.147657961;1.829303422;21
834;0.105498271;1.603185345;13
835;0.039124366;1.276607499;18
836;0.495347983;1.303975342;12
837;0.47483099;1.010939643;15
838;0.121947299;1.531428329;16
839;0.215846559;1.159126173;16
840;0.080542344;1.035804326;15
841;0.358668434;1.011106543;16
842;0.384496691;1.303975327;12
843;0.470375588;1.303975344;12
844;0.373333314;1.288789563;20
845;0.452795944;0.971056099;15
846;0.255503901;0.977564259;15
847;0.026074505;1.593339741;10
848;0.45782042;1.585997223;6
849;0.030336645;1.303975354;12
850;0.432764605;1.055829661;8
851;0.524495927;1.009604694;14
852;0.388811412;1.299469595;20
853;0.20681708;1.055829323;8
854;0.359092744;1.804438793;21
855;0.429159362;1.303975261;12
856;0.52185452;0.971056291;15
857;0.36078956;1.303975409;12
858;0.378184446;0.969053602;15
859;0.465883246;1.012942277;15
860;0.171194568;1.603185454;13
861;0.498038129;1.2340539;20
862;0.029939419;1.28878951;20
863;0.458845273;1.03980932;15
864;0.048026923;1.498887395;17
865;0.527449157;1.01110656;16
866;0.320498865;1.496384449;8
867;0.349620112;1.3917526;21
868;0.127720311;0.977564359;15
869;0.035949708;2.057757921;19
870;0.098130455;0.969053564;15
871;0.428299604;0.969053527;15
872;0.38877694;0.969053533;15
873;0.416235112;1.234053944;20
874;0.049603117;0.971056148;15
875;0.227179399;1.011106498;16
876;0.119542312;1.303975223;12
877;0.211181149;0.96905361;15
878;0.234736583;2.22813913;10
879;0.33471108;0.971056108;15
880;0.146939381;2.073444351;14
881;0.071143652;1.011106532;16
882;0.46473034;0.783820318;15
883;0.355507361;0.836052831;15
884;0.212929811;0.848401594;15
885;0.508967135;1.035804448;15
886;0.12098307;0.783820451;15
887;0.202939665;1.08753615;16
888;0.396708285;1.531428424;16
889;0.168247501;2.209782645;10
890;0.388960596;1.30347479;13
891;0.300937497;1.303975276;12
892;0.327044961;0.971056056;15
893;0.40411032;1.039809248;15
894;0.343358397;0.971056196;15
895;0.149623023;1.010939676;15
896;0.143460768;1.3276718;11
897;0.110016814;0.969053656;15
898;0.267312168;0.977564338;15
899;0.374363924;1.012942125;15
900;0.192642012;1.234053923;20
901;0.379400918;1.490543642;12
902;0.431329217;2.17790904;26
903;0.040768673;1.45116045;12
904;0.479801562;1.49638415;8
905;0.294388042;2.417877817;27
906;0.193463533;1.035804377;15
907;0.344677231;1.585996917;6
908;0.341337158;0.969053631;15
909;0.214710189;1.288789535;20
910;0.140326793;1.009604615;14
911;0.194230933;1.234053925;20
912;0.187513287;1.475524604;13
913;0.102977282;2.036397468;13
914;0.049108143;1.234053729;20
915;0.297118652;1.291459476;12
916;0.267692665;1.037806777;15
917;0.509030356;1.303474793;13
918;0.388502549;1.234053853;20
919;0.513950499;0.886115822;15
920;0.041524205;1.062337658;15
921;0.400049443;1.593339642;10
922;0.226771072;1.303975394;12
923;0.432870291;1.451160685;12
924;0.030609492;1.011106663;16
925;0.241502057;1.303975231;12
926;0.256297095;1.804438707;21
927;0.504860324;1.32767177;11
928;0.228985211;2.172235445;12
929;0.237428248;1.804438814;21
930;0.539094245;0.969053543;15
931;0.061587316;1.012942111;15
932;0.503242707;0.850404089;15
933;0.217713981;2.144867331;12
934;0.431981476;1.469183484;9
935;0.38918978;1.179318303;16
936;0.451383983;1.303975292;12
937;0.04595256;1.011106391;16
938;0.392809049;1.011106396;16
939;0.026430606;1.388248144;10
940;0.082174392;1.011106586;16
941;0.267719673;1.276607474;18
942;0.480850192;1.012942181;15
943;0.247787078;0.977564231;15
944;0.439821146;0.828209562;15
945;0.092700745;1.276607472;18
946;0.327324765;0.969053589;15
947;0.337552041;0.969053491;15
948;0.485451624;2.115497109;12
949;0.057742057;2.177909033;26
950;0.41552927;1.303975383;12
951;0.289972151;1.588667276;12
952;0.358695143;2.026384788;12
953;0.354182535;2.415875498;27
954;0.489911252;0.788325975;15
955;0.157430934;2.138526061;13
956;0.344183658;2.184751101;11
957;0.041357411;2.073444169;14
958;0.421974345;1.769895346;30
959;0.044724446;0.783820295;15
960;0.254532011;1.011106446;16
961;0.191712151;1.475524646;13
962;0.198766831;0.977564197;15
963;0.203876064;1.303975335;12
964;0.455065848;1.303975411;12
965;0.054796347;1.303975324;12
966;0.156206845;1.498887318;17
967;0.221885152;1.303975316;12
968;0.032724473;1.015111503;16
969;0.324711297;1.303975286;12
970;0.452543327;0.711395824;15
971;0.441150215;1.524085902;14
972;0.376974517;1.303975354;12
973;0.495172266;1.303975289;12
974;0.392193674;1.327671833;11
975;0.332417081;1.303975408;12
976;0.35138443;1.603185415;13
977;0.122501886;2.172235403;12
978;0.14714044;1.475524741;13
979;0.068158975;1.303975326;12
980;0.294529176;1.009604609;14
981;0.178109039;1.196506725;20
982;0.264682479;1.011106565;16
983;0.370063621;1.303975256;12
984;0.191339685;1.087536171;16
985;0.070925778;0.88010824;15
986;0.153079632;1.012942235;15
987;0.159351433;0.830045207;15
988;0.308736871;1.288789515;20
989;0.365668677;1.995012139;20
990;0.493191832;0.969053666;15
991;0.404256208;0.880108198;15
992;0.445418522;1.012942185;15
993;0.040997287;1.234053929;20
994;0.533479846;1.509400715;11
995;0.465786963;1.557127434;13
996;0.165870452;0.884113206;15
997;0.498592139;1.037806821;15
998;0.040842881;1.303975331;12
999;0.430487367;1.234053896;20
1000;0.239598539;1.492879757;11
1001;0.193120377;1.804438862;21
1002;0.083155886;1.412612034;18
1003;0.512289922;0.78382042;15
1004;0.203979594;1.012942133;15
1005;0.470671286;1.603185203;13
1006;0.159874577;1.303975249;12
1007;0.379654159;0.977564394;15
1008;0.308236552;1.303975368;12
1009;0.394502062;0.977564358;15
1010;0.458122274;1.012942265;15
1011;0.425332944;1.009604583;14
1012;0.419839738;1.388248047;10
1013;0.276770672;1.257917298;13
1014;0.03739879;2.165727162;26
1015;0.189971529;1.011106572;16
1016;0.474931585;1.590502812;11
1017;0.075634584;1.804438901;21
1018;0.108598002;2.165727171;26
1019;0.122907091;1.451160617;12
1020;0.435705714;1.451160641;12
1021;0.213333537;2.057757975;19
1022;0.50485794;1.30397528;12
1023;0.054498134;1.573481311;7
1024;0.42739069;1.303975374;12
1025;0.447317565;2.026385153;12
1026;0.057042416;1.30998281;12
1027;0.213399083;1.012942368;15
1028;0.466794281;1.011106521;16
1029;0.179191788;1.76989524;30
1030;0.132927366;0.977564257;15
1031;0.074662119;1.012942133;15
1032;0.117984803;1.388248087;10
1033;0.178778702;1.303975274;12
1034;0.258068812;2.1802454;12
1035;0.491899412;0.783820248;15
1036;0.364258671;1.012942077;15
1037;0.270811542;0.971056141;15
1038;0.127954546;1.039809244;15
1039;0.376960161;0.971056163;15
1040;0.175469663;1.995012037;20
1041;0.418030041;1.496384327;8
1042;0.415773147;1.234053976;20
1043;0.035179085;0.971056107;15
1044;0.295225377;0.971056023;15
1045;0.46711686;2.026385016;12
1046;0.080461739;1.4905436;12
1047;0.514905139;0.971056064;15
1048;0.397936831;1.055829572;8
1049;0.058133369;2.215623187;12
1050;0.324519952;1.28878958;20
1051;0.211424139;1.585997284;6
1052;0.036477794;0.880108155;15
1053;0.281577036;2.228138857;10
1054;0.512076844;0.971056122;15
1055;0.10218708;1.327671905;11
1056;0.144105079;1.052992553;14
1057;0.336972934;0.971056015;15
1058;0.459359295;1.537269083;10
1059;0.016179621;2.228139065;10
1060;0.031712888;1.303975301;12
1061;0.243662032;1.012942106;15
1062;0.172380131;1.498887313;17
1063;0.340160142;0.84840169;15
1064;0.116942669;0.977564301;15
1065;0.171348215;0.880108234;15
1066;0.511332231;1.388247999;10
1067;0.346952082;0.969053567;15
1068;0.439604478;2.415875361;27
1069;0.310481413;2.172235114;12
1070;0.06160149;1.804438854;21
1071;0.471368063;1.303975419;12
1072;0.312184831;1.303975365;12
1073;0.187819072;1.492712948;12
1074;0.231306532;0.783820366;15
1075;0.388321386;1.01093963;15
1076;0.305981166;1.769895343;30
1077;0.285704644;1.303975308;12
1078;0.243711729;1.537268993;10
1079;0.212580267;1.012942212;15
1080;0.164037649;1.325669211;19
1081;0.049603771;1.011106473;16
1082;0.410084016;0.977564403;15
1083;0.056541166;2.138526014;13
1084;0.191890051;1.03580431;15
1085;0.497514463;0.969053616;15
1086;0.183496452;1.804438764;21
1087;0.476819599;1.011106472;16
1088;0.135809841;1.303975391;12
1089;0.454142965;0.971056042;15
1090;0.522174488;0.884113287;15
1091;0.145489017;2.144867406;12
1092;0.37835577;1.012942175;15
1093;0.46864869;0.711395776;15
1094;0.038556323;1.524753195;18
1095;0.021151199;1.496384257;8
1096;0.056735524;1.037806774;15
1097;0.485461877;0.78382038;15
1098;0.371815593;1.052992551;14
1099;0.243124953;1.808777646;27
1100;0.452853154;1.087535911;16
1101;0.08812689;1.011106495;16
1102;0.024246609;2.144867527;12
1103;0.136424916;2.184750869;11
1104;0.368041313;1.234053739;20
1105;0.387185571;0.880108247;15
1106;0.495936494;1.524753378;18
1107;0.181668476;1.28878953;20
1108;0.215951815;0.969053571;15
1109;0.496669672;0.969053644;15
1110;0.318297132;1.303975273;12
1111;0.170316109;1.234053981;20
1112;0.242282242;1.257917397;13
1113;0.025406566;1.585997113;6
1114;0.356898982;0.783820294;15
1115;0.323541642;1.012942051;15
1116;0.172591407;2.415875307;27
1117;0.29884446;1.303975403;12
1118;0.452730124;1.055829417;8
1119;0.337755518;1.037806855;15
1120;0.508503268;0.783820406;15
1121;0.017455527;2.177909144;26
1122;0.23239278;0.80701618;15
1123;0.452903825;1.475524691;13
1124;0.05536536;1.303474684;13
1125;0.409846106;1.011106558;16
1126;0.039262405;0.884113219;15
1127;0.027939524;2.144867467;12
1128;0.480051731;0.969053542;15
1129;0.348879904;1.303975233;12
1130;0.060078235;1.722168612;22
1131;0.258446463;1.722168508;22
1132;0.229246963;0.783820274;15
1133;0.098915209;1.011106565;16
1134;0.104911977;2.379162479;27
1135;0.466061347;1.179318347;16
1136;0.442397821;0.969053534;15
1137;0.475675742;1.01294214;15
1138;0.37731928;0.828209488;15
1139;0.318485148;0.969053595;15
1140;0.322165308;0.783820363;15
1141;0.055089843;1.30397517;12
1142;0.483387257;0.884113251;15
1143;0.348898464;2.073444238;14
1144;0.236828374;1.011106514;16
1145;0.404346717;1.53142827;16
1146;0.025429675;1.303975384;12
1147;0.368820909;1.327671799;11
1148;0.238764642;0.884113197;15
1149;0.414121937;2.228139203;10
1150;0.466978415;1.303975351;12
1151;0.390666682;1.303975175;12
1152;0.150555183;0.828209523;15
1153;0.412252741;1.30397534;12
1154;0.040101331;1.011106629;16
1155;0.031312863;1.585997231;6
1156;0.334646985;1.30397529;12
1157;0.38466615;1.808777562;27
1158;0.392903315;1.593339608;10
1159;0.053950255;0.788325931;15
1160;0.173770597;0.969053588;15
1161;0.022586177;2.209782541;10
1162;0.475803637;1.276607522;18
1163;0.30068207;0.783820333;15
1164;0.451534343;1.303975269;12
1165;0.024095982;1.451160536;12
1166;0.335782006;1.303975454;12
1167;0.240084686;1.196506712;20
1168;0.312879775;1.531428346;16
1169;0.169475503;1.303975323;12
1170;0.306598719;0.783820237;15
1171;0.49206285;0.969053483;15
1172;0.318613087;1.30397546;12
1173;0.248249784;0.880108202;15
1174;0.313839788;0.977564281;15
1175;0.537561775;0.969053583;15
1176;0.218401055;1.303474746;13
1177;0.157942296;1.309982913;12
1178;0.19844767;2.067269864;15
1179;0.403621086;1.309982936;12
1180;0.466733774;0.807016164;15
1181;0.343829407;0.977564273;15
1182;0.184409568;2.172235366;12
1183;0.045254417;2.172235162;12
1184;0.284923223;2.177909136;26
1185;0.246771689;2.165727298;26
1186;0.364944579;0.9690537;15
1187;0.432116761;2.055755335;19
1188;0.046849644;1.05582955;8
1189;0.480335555;1.010939532;15
1190;0.483713965;1.303975366;12
1191;0.428388816;1.585997133;6
1192;0.303106982;1.585997159;6
1193;0.466252515;0.969053415;15
1194;0.128495615;1.309982843;12
1195;0.173172672;1.475524604;13
1196;0.060831603;1.804438803;21
1197;0.431910225;1.30397528;12
1198;0.397177946;1.012942226;15
1199;0.242793175;0.977564255;15
1200;0.43441076;1.531428313;16
1201;0.258744686;1.303975355;12
1202;0.218007921;1.303975441;12
1203;0.469800063;1.299469547;20
1204;0.050347083;1.524753377;18
1205;0.370316555;0.783820277;15
1206;0.116505152;1.299469644;20
1207;0.035000945;2.177909036;26
1208;0.080763496;2.144867501;12
1209;0.460383226;1.035804301;15
1210;0.061628834;1.60318529;13
1211;0.299079327;1.303975345;12
1212;0.504119389;1.055829404;8
1213;0.305440436;2.138526115;13
1214;0.105395248;1.288789491;20
1215;0.549303795;0.969053475;15
1216;0.415477204;1.531428395;16
1217;0.09284503;1.011106553;16
1218;0.168866118;1.055829454;8
1219;0.516253351;0.969053576;15
1220;0.370650756;1.276607397;18
1221;0.187388381;0.783820299;15
1222;0.48697793;0.848401657;15
1223;0.080501677;1.588667082;12
1224;0.379222167;0.969053447;15
1225;0.249139518;1.585997092;6
1226;0.326624101;0.971056066;15
1227;0.484257255;0.884113367;15
1228;0.277969977;1.012942199;15
1229;0.472535654;1.327671858;11
1230;0.02718194;2.172235268;12
1231;0.448741474;1.011106669;16
1232;0.207028997;1.447990056;18
1233;0.471578843;1.035804277;15
1234;0.34956103;1.309982832;12
1235;0.519106434;2.073444418;14
1236;0.04003288;1.593339707;10
1237;0.339276046;2.17790911;26
1238;0.154485601;1.804438685;21
1239;0.419853983;0.807016187;15
1240;0.139283138;0.783820333;15
1241;0.27127452;1.451160605;12
1242;0.174479872;0.783820264;15
1243;0.370706211;1.557127437;13
1244;0.296950891;2.074111631;12
1245;0.252624878;1.012942197;15
1246;0.064912194;0.971056034;15
1247;0.347460139;1.49888741;17
1248;0.42813526;0.848401636;15
1249;0.024421907;1.490543542;12
1250;0.471472513;0.977564265;15
1251;0.019738363;1.80010001;28
1252;0.355402157;0.783820283;15
1253;0.154457478;1.800100016;28
1254;0.306432779;0.783820373;15
1255;0.380925366;0.971056057;15
1256;0.427791229;0.969053579;15
1257;0.160222899;1.309982917;12
1258;0.236656095;1.527590168;15
1259;0.035609277;1.276607588;18
1260;0.457811282;1.303975283;12
1261;0.239686074;1.011106553;16
1262;0.481721324;1.055829474;8
1263;0.079058491;1.25791737;13
1264;0.428188179;1.557127337;13
1265;0.250336025;2.417877748;27
1266;0.497070225;1.804438888;21
1267;0.451015945;1.012942212;15
1268;0.347901663;1.257917274;13
1269;0.4160506;1.303975333;12
1270;0.505395896;1.303975372;12
1271;0.116467921;0.971056087;15
1272;0.143293727;1.011106507;16
1273;0.098365748;1.303975374;12
1274;0.486966076;1.055829492;8
1275;0.414836784;1.569976971;10
1276;0.039655821;0.971056051;15
1277;0.258122867;1.291459666;12
1278;0.315006726;1.011106509;16
1279;0.521236269;0.969053508;15
1280;0.234257701;1.257917276;13
1281;0.260382891;1.303975348;12
1282;0.257992117;1.593339635;10
1283;0.055313543;1.524753311;18
1284;0.301918967;1.588667077;12
1285;0.420584167;0.971056057;15
1286;0.353067654;0.969053625;15
1287;0.531537489;1.585997148;6
1288;0.232362644;1.898557491;22
1289;0.041099047;2.548375731;27
1290;0.261517059;0.783820267;15
1291;0.41049124;0.977564304;15
1292;0.32027042;1.303975312;12
1293;0.528825109;0.971056122;15
1294;0.343649842;1.055829455;8
1295;0.185665239;1.524753306;18
1296;0.104392544;1.447989995;18
1297;0.117081261;0.783820308;15
1298;0.257962983;1.428131546;13
1299;0.109555733;1.496384249;8
1300;0.108391159;0.96905358;15
1301;0.150241158;2.259345072;26
1302;0.453513096;1.0111066;16
1303;0.271216548;1.037806823;15
1304;0.397107327;2.215623302;12
1305;0.425217961;1.496384412;8
1306;0.318926631;1.800100009;28
1307;0.295610742;1.80009998;28
1308;0.312992665;1.015111572;16
1309;0.160736887;1.327671893;11
1310;0.358915012;0.807016203;15
1311;0.243263337;0.78382036;15
1312;0.472796139;0.783820351;15
1313;0.342012957;0.977564279;15
1314;0.301605062;0.977564264;15
1315;0.333094842;1.012942216;15
1316;0.101730403;0.971056062;15
1317;0.457285748;1.808777752;27
1318;0.399577151;1.496384317;8
1319;0.057527024;1.179318313;16
1320;0.172609234;1.303474659;13
1321;0.115709388;1.288789438;20
1322;0.41110855;0.97105622;15
1323;0.228536495;1.288789558;20
1324;0.313365622;0.971056047;15
1325;0.456832248;2.177909105;26
1326;0.09102568;0.969053497;15
1327;0.415969323;1.012942281;15
1328;0.054694803;1.303975399;12
1329;0.333935189;1.428131692;13
1330;0.301402966;1.234053879;20
1331;0.36377559;1.234053903;20
1332;0.475958317;1.30397539;12
1333;0.310865415;0.971056048;15
1334;0.467759996;1.179318414;16
1335;0.208648628;0.830045189;15
1336;0.212470594;1.303474677;13
1337;0.489589824;0.977564204;15
1338;0.294283197;1.010939683;15
1339;0.054279039;2.165726981;26
1340;0.184252322;1.234053913;20
1341;0.040724631;2.008529079;15
1342;0.115229862;1.524753247;18
1343;0.450489068;1.303975513;12
1344;0.269895357;2.20978262;10
1345;0.248016694;1.011106558;16
1346;0.483654042;1.303474645;13
1347;0.06129359;1.28878952;20
1348;0.403558563;1.035804324;15
1349;0.226255291;2.415875477;27
1350;0.352450774;1.035804305;15
1351;0.426279776;0.971056036;15
1352;0.310685766;0.969053551;15
1353;0.363640832;1.303975413;12
1354;0.0968559;1.327671776;11
1355;0.433549521;1.585997118;6
1356;0.081504544;1.303975266;12
1357;0.471952882;1.303975379;12
1358;0.22883794;2.228138945;10
1359;0.038401522;1.524753233;18
1360;0.383538326;1.010939662;15
1361;0.426475337;0.971056039;15
1362;0.30546905;1.234053938;20
1363;0.104997273;0.96905362;15
1364;0.258870444;1.055829572;8
1365;0.441890274;1.00960478;14
1366;0.046017022;0.969053553;15
1367;0.537617326;0.783820275;15
1368;0.448046281;0.783820264;15
1369;0.058593375;1.276607581;18
1370;0.196756898;1.303975392;12
1371;0.509300987;1.475524709;13
1372;0.393613434;1.309982953;12
1373;0.237223442;0.886115879;15
1374;0.431320789;2.172235283;12
1375;0.358824394;1.603185379;13
1376;0.242959097;0.971056101;15
1377;0.257938468;1.769895368;30
1378;0.417577465;1.012942238;15
1379;0.466512972;1.037806792;15
1380;0.303576754;1.412612166;18
1381;0.442181538;1.303975333;12
1382;0.334878011;0.850404181;15
1383;0.327768731;0.977564109;15
1384;0.184066559;1.527590252;15
1385;0.453452171;1.303975141;12
1386;0.454142126;1.062337754;15
1387;0.21194301;1.196506788;20
1388;0.322622032;1.808777643;27
1389;0.163459869;2.177908984;26
1390;0.442960003;1.303975165;12
1391;0.117569848;2.177909169;26
1392;0.44556181;1.276607545;18
1393;0.222215239;0.836052705;15
1394;0.343675442;2.057757816;19
1395;0.536498454;0.884113343;15
1396;0.28307802;1.011106545;16
1397;0.038346172;1.035804349;15
1398;0.147307698;1.524085746;14
1399;0.159742352;0.848401628;15
1400;0.050068374;2.548375645;27
1401;0.1512158;2.172235298;12
1402;0.400605633;1.769895297;30
1403;0.024028225;1.509400638;11
1404;0.1225527;1.592171654;5
1405;0.178760399;1.557127183;13
1406;0.354344163;1.270599895;18
1407;0.277942815;2.415875628;27
1408;0.34649463;1.531428423;16
1409;0.314874576;1.037806799;15
1410;0.344140512;0.977564282;15
1411;0.123848219;1.303474593;13
1412;0.025135919;2.063264773;21
1413;0.38205575;1.062337713;15
1414;0.090669098;1.592171476;5
1415;0.538636859;1.012942249;15
1416;0.450130944;1.303975255;12
1417;0.309548227;2.209782409;10
1418;0.469892208;1.569976879;10
1419;0.435979458;1.309982797;12
1420;0.224490403;1.995012137;20
1421;0.077196202;1.327671847;11
1422;0.281586805;0.880108336;15
1423;0.062148569;1.011106498;16
1424;0.105006079;2.115496961;12
1425;0.345243866;1.012942125;15
1426;0.185840555;1.012942123;15
1427;0.31459431;1.303975207;12
1428;0.027074993;1.291459576;12
1429;0.440447403;1.769895256;30
1430;0.075334359;2.144867515;12
1431;0.281345554;1.309982841;12
1432;0.521870252;0.783820362;15
1433;0.260482194;1.012942131;15
1434;0.200825893;1.309982865;12
1435;0.058481258;1.524753218;18
1436;0.313197358;0.84840169;15
1437;0.08750183;0.969053573;15
1438;0.481176205;1.011106542;16
1439;0.324466312;1.30397533;12
1440;0.374174322;2.144867495;12
1441;0.061002058;2.026384943;12
1442;0.196489262;1.309982903;12
1443;0.365137902;1.303975409;12
1444;0.335688055;1.303975202;12
1445;0.361340566;1.05582945;8
1446;0.193286781;0.711395736;15
1447;0.018618707;2.026384801;12
1448;0.206853722;1.303975314;12
1449;0.169423465;1.291459583;12
1450;0.433680586;0.9710561;15
1451;0.356618505;0.969053623;15
1452;0.341785653;0.783820363;15
1453;0.325976404;1.412612098;18
1454;0.520004956;1.303975484;12
1455;0.471446499;0.788326102;15
1456;0.017086865;1.303975244;12
1457;0.507668845;1.303975312;12
1458;0.024453921;1.98700207;12
1459;0.298503337;1.035804363;15
1460;0.183262233;0.977564255;15
1461;0.281890414;1.30397534;12
1462;0.218308351;0.880108206;15
1463;0.040494937;0.971055943;15
1464;0.286779752;0.969053636;15
1465;0.412201339;0.969053634;15
1466;0.402511178;1.035804348;15
1467;0.207709818;1.808777696;27
1468;0.095207152;0.830045228;15
1469;0.104348335;1.537269041;10
1470;0.248836804;1.052992586;14
1471;0.501399255;0.836052849;15
1472;0.46800831;1.309982921;12
1473;0.384268402;0.783820365;15
1474;0.351522685;2.335273938;14
1475;0.36395413;1.492879877;11
1476;0.044296944;1.288789626;20
1477;0.366722608;1.590502687;11
1478;0.105009569;1.234053977;20
1479;0.39497653;1.299469618;20
1480;0.072927279;1.011106522;16
1481;0.305897341;1.291459453;12
1482;0.427481334;0.788325987;15
1483;0.175198505;1.327671801;11
1484;0.215792535;1.011106513;16
1485;0.497236269;1.585997013;6
1486;0.41835119;1.27660746;18
1487;0.027986451;1.303975197;12
1488;0.320577595;1.303975332;12
1489;0.345670016;0.971056124;15
1490;0.445602916;2.548375408;27
1491;0.412503808;0.783820319;15
1492;0.472708667;1.012942172;15
1493;0.266137644;0.969053612;15
1494;0.414092602;1.769895263;30
1495;0.384149005;2.026384926;12
1496;0.043269248;1.012942101;15
1497;0.312171026;1.527590211;15
1498;0.10639005;2.036397577;13
1499;0.401093464;1.303474698;13
1500;0.528439858;0.830045208;15
1501;0.05848342;1.011106596;16
1502;0.336822585;1.012942177;15
1503;0.497133292;1.303474615;13
1504;0.190028799;0.971056146;15
1505;0.354864577;1.303975427;12
1506;0.328658356;1.303975467;12
1507;0.097089638;1.01110655;16
1508;0.280897973;0.971056131;15
1509;0.350299402;0.969053529;15
1510;0.175481453;1.531428381;16
1511;0.433848061;1.012942106;15
1512;0.235303147;1.769895406;30
1513;0.411832935;1.303975443;12
1514;0.154984884;0.711395754;15
1515;0.101064385;1.524753161;18
1516;0.241314972;1.45116068;12
1517;0.416337549;1.722168556;22
1518;0.416525432;1.30347476;13
1519;0.515447615;1.035804299;15
1520;0.445392521;1.527590231;15
1521;0.428179597;1.303975215;12
1522;0.279644217;1.303975256;12
1523;0.272243877;0.971056057;15
1524;0.467956067;1.496384312;8
1525;0.195141655;1.569976788;10
1526;0.118836387;1.303975131;12
1527;0.293333943;1.303975281;12
1528;0.107847589;1.01294203;15
1529;0.077640588;0.783820308;15
1530;0.434501921;2.165727109;26
1531;0.331128057;1.012942232;15
1532;0.379497019;1.804438892;21
1533;0.191642048;2.026384991;12
1534;0.389727003;1.469183569;9
1535;0.281851572;0.807016211;15
1536;0.531347578;1.012942124;15
1537;0.444849272;0.884113295;15
1538;0.02279625;1.804438945;21
1539;0.36679037;1.537269098;10
1540;0.115431371;0.977564206;15
1541;0.417286312;1.475524615;13
1542;0.031264165;1.327671777;11
1543;0.293912727;1.303975359;12
1544;0.27356571;1.303975426;12
1545;0.139557601;1.569977001;10
1546;0.107192459;1.303975276;12
1547;0.345062624;1.303975269;12
1548;0.368644181;2.14486755;12
1549;0.328155312;0.836052903;15
1550;0.097263467;1.010939627;15
1551;0.047876259;1.015111611;16
1552;0.337067283;0.884113353;15
1553;0.210898507;1.234054017;20
1554;0.082622898;1.011106526;16
1555;0.232206689;1.234053998;20
1556;0.436910893;1.412612076;18
1557;0.128913313;1.035804308;15
1558;0.409140473;1.531428452;16
1559;0.107663822;1.829303523;21
1560;0.337002891;1.010939743;15
1561;0.047567046;1.585997059;6
1562;0.208373128;0.96905348;15
1563;0.113879846;1.527590321;15
1564;0.153514917;1.592171609;5
1565;0.406469662;1.276607505;18
1566;0.456641182;0.971056164;15
1567;0.513952813;0.71139578;15
1568;0.343251335;2.026384996;12
1569;0.374075734;2.180245288;12
1570;0.40034489;2.165726839;26
1571;0.406252931;1.303975455;12
1572;0.077383731;2.415875189;27
1573;0.375251278;1.087536074;16
1574;0.169964281;1.498887469;17
1575;0.311731569;1.571645574;13
1576;0.184937368;1.537269054;10
1577;0.058293949;1.603185343;13
1578;0.106470972;1.603185434;13
1579;0.355710863;1.234053898;20
1580;0.384859256;1.527590173;15
1581;0.326637441;0.886115709;15
1582;0.551807892;1.303975208;12
1583;0.452289981;1.010939536;15
1584;0.380633351;1.303975401;12
1585;0.128230171;1.052992582;14
1586;0.297038061;1.829303562;21
1587;0.375801923;1.012942114;15
1588;0.424836958;2.177909069;26
1589;0.456217761;1.496384276;8
1590;0.494460282;0.971056126;15
1591;0.239877281;1.327671901;11
1592;0.256968598;1.288789433;20
1593;0.136275565;1.035804197;15
1594;0.09556295;1.388248104;10
1595;0.395304457;1.469183288;9
1596;0.142904839;1.303975338;12
1597;0.252215053;1.537269076;10
1598;0.475201797;0.971056081;15
1599;0.111944844;0.97105612;15
1600;0.064181402;1.492713035;12
1601;0.03822363;0.969053622;15
1602;0.355743176;1.531428443;16
1603;0.269771242;1.995012063;20
1604;0.437015063;1.012942197;15
1605;0.260563079;2.415875457;27
1606;0.467094281;1.524753285;18
1607;0.452849588;0.836052695;15
1608;0.258369195;0.788326004;15
1609;0.381548067;0.971056065;15
1610;0.240279284;1.012942085;15
1611;0.379824667;1.800100079;28
1612;0.303588882;1.303975299;12
1613;0.260739211;1.234053993;20
1614;0.488917029;1.01294221;15
1615;0.511187173;1.451160644;12
1616;0.224118728;1.010939674;15
1617;0.312938051;0.971056058;15
1618;0.271483888;0.9710562;15
1619;0.469808486;2.026384888;12
1620;0.370149883;1.524085818;14
1621;0.306000807;2.177909134;26
1622;0.52725932;1.291459482;12
1623;0.378253706;1.303474661;13
1624;0.291649469;2.415875489;27
1625;0.438422938;1.46918332;9
1626;0.284247402;1.303975259;12
1627;0.108932521;1.309982906;12
1628;0.195720063;1.011106577;16
1629;0.36948918;1.327671884;11
1630;0.31246276;1.52408587;14
1631;0.342649951;1.804438597;21
1632;0.396284539;1.276607519;18
1633;0.269605803;0.971056141;15
1634;0.208068132;2.16572705;26
1635;0.409055843;0.880108195;15
1636;0.382445273;0.830045166;15
1637;0.100296297;1.475524682;13
1638;0.373568428;0.969053565;15
1639;0.200970245;1.012942203;15
1640;0.437957008;0.977564254;15
1641;0.227708409;1.303975414;12
1642;0.084134021;1.30397528;12
1643;0.115980952;1.010939755;15
1644;0.401898402;0.969053532;15
1645;0.256927176;0.97105613;15
1646;0.428812126;0.969053566;15
1647;0.425127727;0.807016143;15
1648;0.027950524;1.291459592;12
1649;0.079979779;1.492880028;11
1650;0.323169482;1.303975395;12
1651;0.339603843;2.14486739;12
1652;0.094667968;2.177909118;26
1653;0.222002979;2.177909158;26
1654;0.263838607;1.087535982;16
1655;0.176225387;1.447989967;18
1656;0.094903322;1.276607536;18
1657;0.458643456;2.415875602;27
1658;0.334497852;1.391752425;21
1659;0.449558895;0.971056072;15
1660;0.381565524;0.971056052;15
1661;0.46678355;1.303975337;12
1662;0.096768148;0.783820378;15
1663;0.279437672;0.971056089;15
1664;0.460101376;0.880108262;15
1665;0.230114473;1.498887264;17
1666;0.497131531;2.115497221;12
1667;0.190088323;1.498887347;17
1668;0.370661137;1.011106512;16
1669;0.201982258;0.977564273;15
1670;0.11498731;0.886115671;15
1671;0.404339698;1.299469729;20
1672;0.13082866;0.828209513;15
1673;0.177520551;1.055829432;8
1674;0.241747143;0.971056077;15
1675;0.261959411;1.035804236;15
1676;0.222169223;1.30397524;12
1677;0.114173877;1.30397534;12
1678;0.497006783;1.288789349;20
1679;0.472816249;1.288789558;20
1680;0.027084529;1.303975161;12
1681;0.165962528;2.415875491;27
1682;0.416409433;0.711395821;15
1683;0.150610559;2.026384957;12
1684;0.075235971;1.037806792;15
1685;0.332591344;2.415875466;27
1686;0.510343035;0.969053525;15
1687;0.473964146;0.886115827;15
1688;0.346654812;0.969053533;15
1689;0.230841974;1.012942123;15
1690;0.368620861;1.573481086;7
1691;0.343846187;1.829303413;21
1692;0.36703166;1.010939679;15
1693;0.522312761;1.303975298;12
1694;0.462867355;1.234053904;20
1695;0.083282178;1.012942148;15
1696;0.039185802;0.788326033;15
1697;0.085691815;0.78382032;15
1698;0.293344658;0.969053546;15
1699;0.419665352;1.299469632;20
1700;0.279551182;1.303975269;12
1701;0.134652567;2.259344992;26
1702;0.352972792;1.010939506;15
1703;0.4217085;0.880108356;15
1704;0.528452429;1.012942207;15
1705;0.339073904;0.969053613;15
1706;0.340314949;1.496384168;8
1707;0.109200578;0.969053627;15
1708;0.379313842;1.30397533;12
1709;0.52931239;1.01093964;15
1710;0.320860786;0.971056176;15
1711;0.389010093;1.303975398;12
1712;0.106828899;1.011106582;16
1713;0.126348654;0.850404184;15
1714;0.379897617;0.971056127;15
1715;0.278918098;0.977564248;15
1716;0.402669514;1.469183379;9
1717;0.461015026;0.88411335;15
1718;0.462785135;1.498887525;17
1719;0.429775193;1.052992659;14
1720;0.390276083;0.969053538;15
1721;0.367450687;2.180245391;12
1722;0.390221572;0.971056046;15
1723;0.474607614;0.977564287;15
1724;0.413513078;0.969053503;15
1725;0.322131964;1.492879856;11
1726;0.253772697;2.18475104;11
1727;0.406181769;0.977564243;15
1728;0.476868265;1.035804378;15
1729;0.266233202;2.184751135;11
1730;0.226704761;0.977564313;15
1731;0.136491707;0.783820373;15
1732;0.141795119;1.804438698;21
1733;0.329489524;0.971056144;15
1734;0.414486344;1.327671769;11
1735;0.127028585;0.828209622;15
1736;0.254664581;1.524085802;14
1737;0.477959072;0.971056155;15
1738;0.40714595;0.71139574;15
1739;0.232873487;0.884113212;15
1740;0.049757805;1.388247976;10
1741;0.339205088;0.783820315;15
1742;0.481273029;1.496384288;8
1743;0.262608359;2.415875604;27
1744;0.417066456;1.303975331;12
1745;0.128814898;0.850404056;15
1746;0.463026885;0.969053527;15
1747;0.335131673;1.00960461;14
1748;0.241292057;2.057757879;19
1749;0.091430104;0.884113342;15
1750;0.170803941;1.447989987;18
1751;0.318485325;0.783820293;15
1752;0.388320952;1.011106525;16
1753;0.060377678;1.569976837;10
1754;0.221899541;2.192761074;12
1755;0.529702556;1.011106471;16
1756;0.246979653;0.884113286;15
1757;0.263292397;0.971056091;15
1758;0.417818969;0.971055941;15
1759;0.478427026;0.977564246;15
1760;0.343773686;1.011106554;16
1761;0.124239866;2.177909115;26
1762;0.154778431;1.537269049;10
1763;0.397232498;0.977564305;15
1764;0.406945811;1.769895385;30
1765;0.422118122;2.17223537;12
1766;0.328947166;1.593339639;10
1767;0.504841275;0.969053581;15
1768;0.247389467;0.971056048;15
1769;0.298580538;2.026385044;12
1770;0.463834914;1.30397525;12
1771;0.349883186;1.327671793;11
1772;0.468903355;0.977564262;15
1773;0.47003828;2.16572713;26
1774;0.348058945;2.209782549;10
1775;0.229392116;1.303975279;12
1776;0.395022695;0.977564298;15
1777;0.440876942;2.026384935;12
1778;0.358065618;1.603185337;13
1779;0.048536004;0.807016255;15
1780;0.039764184;2.115497123;12
1781;0.5184424;0.977564252;15
1782;0.323918687;2.415875327;27
1783;0.38207162;1.012942012;15
1784;0.47757578;1.531428402;16
1785;0.441642379;1.012941989;15
1786;0.461835226;1.475524667;13
1787;0.238428916;1.585997161;6
1788;0.216707884;1.179318374;16
1789;0.286865996;1.055829458;8
1790;0.04984961;1.010939663;15
1791;0.451179108;1.39175257;21
1792;0.393810565;1.012942184;15
1793;0.363142286;2.184584104;11
1794;0.338072094;1.327671813;11
1795;0.485952209;1.303975301;12
1796;0.035025932;1.011106453;16
1797;0.045411524;0.97105609;15
1798;0.059145813;1.012942106;15
1799;0.399332916;1.800099975;28
1800;0.24732218;0.969053527;15
1801;0.163129078;1.303975268;12
1802;0.498705228;1.055829534;8
1803;0.272936338;1.303975464;12
1804;0.449395586;1.012942155;15
1805;0.066160512;2.415875316;27
1806;0.434462794;1.309982837;12
1807;0.420445349;1.492879886;11
1808;0.123784446;1.012942124;15
1809;0.452661216;1.592171486;5
1810;0.192044058;0.880108175;15
1811;0.189758294;1.59333952;10
1812;0.286558227;2.177908961;26
1813;0.462756066;1.303975264;12
1814;0.319013749;1.303975352;12
1815;0.030870881;2.074111779;12
1816;0.288576027;0.971056113;15
1817;0.234565276;1.234053945;20
1818;0.253632725;1.288789524;20
1819;0.43868628;1.603185437;13
1820;0.245485527;1.391752501;21
1821;0.505621582;0.783820195;15
1822;0.453329141;1.288789619;20
1823;0.467391784;0.850404209;15
1824;0.352526686;1.309982734;12
1825;0.498954478;0.830045367;15
1826;0.242848661;2.180245403;12
1827;0.309111072;1.012942165;15
1828;0.436455586;1.234054042;20
1829;0.277180694;1.804438699;21
1830;0.024513085;1.291459694;12
1831;0.228369762;1.234053961;20
1832;0.23908444;2.177909107;26
1833;0.411363102;0.969053535;15
1834;0.346027103;2.209782551;10
1835;0.456437805;1.531428276;16
1836;0.409918254;0.971056099;15
1837;0.069368384;1.498887291;17
1838;0.261329288;1.012942222;15
1839;0.060586133;1.303975217;12
1840;0.22561335;1.288789628;20
1841;0.299463048;1.299469615;20
1842;0.406349758;1.010939658;15
1843;0.084797563;0.969053528;15
1844;0.087211619;1.291459532;12
1845;0.090147113;0.880108277;15
1846;0.397655358;1.276607484;18
1847;0.39959101;1.30397523;12
1848;0.274924191;1.303975141;12
1849;0.519690938;1.469183301;9
1850;0.400102602;0.969053661;15
1851;0.201458915;2.172235329;12
1852;0.387825518;0.969053598;15
1853;0.065564484;2.184751125;11
1854;0.387669014;0.971056129;15
1855;0.273739708;2.177909189;26
1856;0.040961965;1.498887404;17
1857;0.383638685;0.880108346;15
1858;0.240655753;0.783820338;15
1859;0.404832398;2.548375685;27
1860;0.464268878;2.184584237;11
1861;0.097567619;1.291459546;12
1862;0.039274045;2.074111691;12
1863;0.367711234;1.391752548;21
1864;0.334039105;0.711395793;15
1865;0.044426963;0.977564329;15
1866;0.270783418;1.291459529;12
1867;0.419937155;0.711395781;15
1868;0.505083016;1.492879918;11
1869;0.276790902;0.969053704;15
1870;0.491316625;1.303474634;13
1871;0.120909458;0.977564355;15
1872;0.372511555;1.569976828;10
1873;0.340014339;1.391752449;21
1874;0.204467613;1.011106644;16
1875;0.292817641;1.327671868;11
1876;0.336883919;0.969053615;15
1877;0.4136625;0.971056171;15
1878;0.431679737;1.804438793;21
1879;0.498675314;1.234054127;20
1880;0.073601485;2.184751042;11
1881;0.098188069;0.711395894;15
1882;0.28103686;0.969053509;15
1883;0.410382623;1.037806744;15
1884;0.470721969;0.971056106;15
1885;0.523229785;0.977564233;15
1886;0.498159706;1.592171684;5
1887;0.383687121;1.303975301;12
1888;0.399411268;1.011106455;16
1889;0.429540334;1.009604578;14
1890;0.496154282;0.971056174;15
1891;0.13561348;1.011106442;16
1892;0.243827974;1.524753379;18
1893;0.07731989;1.159126231;16
1894;0.480749982;1.303975306;12
1895;0.271929002;0.977564221;15
1896;0.377896453;1.527590125;15
1897;0.485564517;0.872098153;15
1898;0.482613299;1.012942089;15
1899;0.042716209;1.159126205;16
1900;0.346324888;1.288789499;20
1901;0.454763887;1.234053928;20
1902;0.288784649;1.585997152;6
1903;0.128250001;1.391752495;21
1904;0.491792759;1.288789603;20
1905;0.413886369;2.144867528;12
1906;0.216957462;1.276607369;18
1907;0.471173413;1.234054074;20
1908;0.229394471;1.58866705;12
1909;0.405594235;2.073444086;14
1910;0.393668526;1.496384238;8
1911;0.022977392;1.52759018;15
1912;0.362507899;1.327671796;11
1913;0.400485703;0.783820339;15
1914;0.388624916;1.303975338;12
1915;0.355267402;1.035804355;15
1916;0.235771697;0.977564462;15
1917;0.457651338;1.30397525;12
1918;0.429988034;2.074111649;12
1919;0.375237619;1.011106459;16
1920;0.403137534;0.971056159;15
1921;0.04871587;1.179318337;16
1922;0.506691713;1.05582957;8
1923;0.16475689;0.971056075;15
1924;0.185365612;0.971056097;15
1925;0.135829925;1.469183348;9
1926;0.127650522;1.585997026;6
1927;0.211357801;1.009604736;14
1928;0.42333313;1.496384297;8
1929;0.381344952;1.573481402;7
1930;0.35058113;0.977564228;15
1931;0.243434274;2.144867613;12
1932;0.451960608;1.012942162;15
1933;0.13772461;2.177908855;26
1934;0.451487077;1.585997057;6
1935;0.389188869;2.415875438;27
1936;0.037468783;1.769895269;30
1937;0.385037721;1.527590302;15
1938;0.308470033;1.428131704;13
1939;0.3691835;1.995012067;20
1940;0.391648923;1.30397539;12
1941;0.12707425;1.469183171;9
1942;0.380516581;1.490543514;12
1943;0.169555775;0.969053493;15
1944;0.082334501;1.327671759;11
1945;0.496475623;1.011106483;16
1946;0.289048746;1.569976949;10
1947;0.436708793;0.711395743;15
1948;0.164096511;1.537269158;10
1949;0.262662114;2.026384962;12
1950;0.256468153;1.011106495;16
1951;0.461743961;0.828209596;15
1952;0.121279777;1.808777635;27
1953;0.182678783;2.015704758;13
1954;0.536733491;1.327671759;11
1955;0.121596661;1.32767175;11
1956;0.333976457;1.451160688;12
1957;0.072303094;2.177909101;26
1958;0.453380389;1.492879697;11
1959;0.166976289;1.303474763;13
1960;0.409434231;1.327671797;11
1961;0.092438183;1.291459557;12
1962;0.044427663;0.830045255;15
1963;0.310082138;0.828209613;15
1964;0.160642655;1.055829497;8
1965;0.486921492;1.035804271;15
1966;0.353421431;0.711395734;15
1967;0.363357389;1.496384271;8
1968;0.435731093;1.3039753;12
1969;0.204624877;0.88411334;15
1970;0.153059934;0.977564276;15
1971;0.169468116;2.548375599;27
1972;0.088020896;1.99501213;20
1973;0.050466682;1.527590225;15
1974;0.136850285;2.215623297;12
1975;0.313468634;0.969053547;15
1976;0.355654249;0.969053564;15
1977;0.11930255;1.585997034;6
1978;0.459651932;1.49888748;17
1979;0.352884761;2.415875315;27
1980;0.041907135;1.58599705;6
1981;0.037390499;2.228138893;10
1982;0.371479612;1.288789451;20
1983;0.342938341;0.969053448;15
1984;0.310765644;0.971056008;15
1985;0.30902638;1.573481178;7
1986;0.356557447;1.303975283;12
1987;0.249302526;2.415875362;27
1988;0.386312924;0.971056102;15
1989;0.168871549;1.276607429;18
1990;0.369584283;1.496384361;8
1991;0.258625093;1.527590145;15
1992;0.425126172;1.569976844;10
1993;0.466579612;0.969053678;15
1994;0.375893402;0.830045169;15
1995;0.415767958;2.124174701;25
1996;0.179451229;2.335273878;14
1997;0.093693396;1.288789635;20
1998;0.178621359;1.303975419;12
1999;0.31900314;2.228139241;10
2000;0.38506622;1.428131914;13
2001;0.440213296;1.234053823;20
2002;0.038945491;1.309982693;12
2003;0.232333212;0.977564292;15
2004;0.108923431;1.288789471;20
2005;0.303830923;1.303975332;12
2006;0.43143138;2.115497183;12
2007;0.058738655;1.527590335;15
2008;0.158056831;1.588667226;12
2009;0.516011778;1.257917359;13
2010;0.262730729;1.30397536;12
2011;0.446952494;1.055829551;8
2012;0.287152075;0.783820272;15
2013;0.326456079;0.969053532;15
2014;0.079944007;0.880108215;15
2015;0.472634235;0.969053537;15
2016;0.502228177;0.977564438;15
2017;0.417197687;0.971055982;15
2018;0.408893396;1.01110647;16
2019;0.276269132;2.026385025;12
2020;0.463690752;1.055829466;8
2021;0.530392775;1.303975252;12
2022;0.108314148;0.971056197;15
2023;0.47011485;1.804438695;21
2024;0.429495034;2.184751027;11
2025;0.360547361;1.012942205;15
2026;0.340127734;1.011106533;16
2027;0.524004554;0.850404136;15
2028;0.122654583;0.80701617;15
2029;0.403699199;0.977564397;15
2030;0.51002729;1.03580431;15
2031;0.306291775;1.303975345;12
2032;0.393830759;0.880108224;15
2033;0.413726714;0.969053487;15
2034;0.510355579;1.011106578;16
2035;0.350845074;1.303975349;12
2036;0.415449994;1.30397535;12
2037;0.316807358;0.977564266;15
2038;0.261716642;0.884113331;15
2039;0.02976434;2.209782473;10
2040;0.305100558;1.303975356;12
2041;0.048380426;1.303975199;12
2042;0.279770581;2.073444366;14
2043;0.364897159;0.880108214;15
2044;0.480951969;1.496384251;8
2045;0.311195219;2.144867613;12
2046;0.461252777;1.039809366;15
2047;0.312636658;1.498887337;17
2048;0.065900755;0.969053596;15
2049;0.258976021;1.391752419;21
2050;0.310134754;1.451160719;12
2051;0.143842768;1.30397535;12
2052;0.129871584;0.969053593;15
2053;0.363000752;1.0096046;14
2054;0.023885514;2.165727261;26
2055;0.235101581;1.234054003;20
2056;0.381153477;1.234053939;20
2057;0.292670967;1.569976962;10
2058;0.377322721;1.388247986;10
2059;0.050668903;1.592171631;5
2060;0.493760469;1.276607551;18
2061;0.216958119;0.783820357;15
2062;0.274063242;1.303474709;13
2063;0.47824053;2.11549713;12
2064;0.394653286;2.115497157;12
2065;0.194261299;1.309982801;12
2066;0.238297947;1.303975292;12
2067;0.377971018;1.303975305;12
2068;0.193618931;1.498887482;17
2069;0.44528893;1.291459574;12
2070;0.083679511;1.011106541;16
2071;0.168184886;1.234054044;20
2072;0.26592335;0.969053511;15
2073;0.285866299;1.303474744;13
2074;0.362585259;2.177909143;26
2075;0.359840171;0.711395746;15
2076;0.516088975;0.977564212;15
2077;0.318254015;1.035804276;15
2078;0.11130839;1.475524652;13
2079;0.401514227;1.722168529;22
2080;0.471884444;1.0378068;15
2081;0.12873201;1.303975312;12
2082;0.356700461;1.012942153;15
2083;0.213348816;1.303975331;12
2084;0.459655751;2.417877835;27
2085;0.266049784;1.303975335;12
2086;0.188071807;0.884113249;15
2087;0.29942924;2.144867828;12
2088;0.435947312;1.00960454;14
2089;0.101890139;1.012942101;15
2090;0.367681178;1.303975426;12
2091;0.477500556;1.052992593;14
2092;0.364888398;1.179318357;16
2093;0.411027094;0.977564357;15
2094;0.332551555;0.783820353;15
2095;0.2136789;1.303975287;12
2096;0.218797538;2.209782567;10
2097;0.208424681;0.969053496;15
2098;0.52967631;0.880108127;15
2099;0.46953994;2.335273853;14
2100;0.087997228;1.987002028;12
2101;0.17037648;0.880108187;15
2102;0.092879502;1.303474667;13
2103;0.537234874;1.303975285;12
2104;0.074181562;0.711395792;15
2105;0.151177502;1.196506698;20
2106;0.294110656;0.97105607;15
2107;0.43683019;0.880108261;15
2108;0.452081294;1.196506623;20
2109;0.4520379;0.969053629;15
2110;0.050196638;1.087536088;16
2111;0.355104235;1.303975274;12
2112;0.189123438;2.209782671;10
2113;0.290951148;0.977564289;15
2114;0.202901068;1.327671958;11
2115;0.337607763;1.055829515;8
2116;0.296158287;1.010939623;15
2117;0.515592527;1.585996975;6
2118;0.39885539;1.808777673;27
2119;0.263818848;1.234053946;20
2120;0.329393664;0.969053452;15
2121;0.425726927;2.057757782;19
2122;0.167086372;0.977564282;15
2123;0.149507943;1.492879921;11
2124;0.428371156;1.569976911;10
2125;0.050136791;1.039809238;15
2126;0.09196922;1.585997006;6
2127;0.14584761;1.804438843;21
2128;0.280673879;1.309982966;12
2129;0.150776178;1.303975403;12
2130;0.288338886;0.969053505;15
2131;0.446319612;1.309982838;12
2132;0.154594966;0.977564356;15
2133;0.421139446;1.469183391;9
2134;0.071587027;1.055829435;8
2135;0.152384342;1.291459503;12
2136;0.344707197;0.807016203;15
2137;0.286026211;1.412612102;18
2138;0.460131652;1.531428353;16
2139;0.204222981;1.288789356;20
2140;0.111541986;2.415875288;27
2141;0.396910328;1.303975295;12
2142;0.481937055;1.179318454;16
2143;0.164262707;0.977564182;15
2144;0.395157886;1.325669446;19
2145;0.21617545;1.447989863;18
2146;0.515310124;0.969053651;15
2147;0.34288058;1.327671831;11
2148;0.315749497;1.234053899;20
2149;0.474441538;0.886115783;15
2150;0.386598422;1.299469524;20
2151;0.30810731;0.969053595;15
2152;0.203497289;1.039809413;15
2153;0.449448842;0.969053602;15
2154;0.49095475;1.447990014;18
2155;0.276055659;1.015111443;16
2156;0.165035876;2.144867404;12
2157;0.446370346;1.012942206;15
2158;0.267644105;1.035804253;15
2159;0.183472297;1.475524665;13
2160;0.261145206;1.012942104;15
2161;0.191549305;1.055829408;8
2162;0.274047454;1.492879752;11
2163;0.211412881;1.603185357;13
2164;0.236648311;1.234053909;20
2165;0.043266528;1.804438887;21
2166;0.029278987;0.977564258;15
2167;0.465838412;0.971056151;15
2168;0.105405816;1.588667138;12
2169;0.408059688;1.087536217;16
2170;0.507450577;0.850404236;15
2171;0.026982666;0.886115663;15
2172;0.051581883;0.971056032;15
2173;0.320658485;0.971056087;15
2174;0.419010782;1.055829484;8
2175;0.423517835;0.783820378;15
2176;0.250891065;2.209782675;10
2177;0.055530285;1.309982935;12
2178;0.133178884;1.804438819;21
2179;0.478737302;1.012942118;15
2180;0.068111295;1.451160687;12
2181;0.126169674;2.036397561;13
2182;0.164332699;2.372153728;14
2183;0.336591043;1.475524558;13
2184;0.314294403;1.055829628;8
2185;0.40631989;0.97105604;15
2186;0.391766574;1.327671812;11
2187;0.054186432;1.011106492;16
2188;0.451361544;1.257917232;13
2189;0.175329002;1.303975201;12
2190;0.253927564;1.524753365;18
2191;0.395617492;1.496384321;8
2192;0.050261565;1.011106457;16
2193;0.424480492;1.011106535;16
2194;0.102904332;0.977564201;15
2195;0.299472334;1.769895419;30
2196;0.526387332;1.327671788;11
2197;0.235101591;1.30397526;12
2198;0.223909405;2.144867467;12
2199;0.20009072;1.569976967;10
2200;0.505597125;1.291459511;12
2201;0.085218971;2.068437803;25
2202;0.135379827;0.783820243;15
2203;0.331152687;1.303975375;12
2204;0.424196852;2.415875315;27
2205;0.292029559;0.977564268;15
2206;0.208554875;1.011106415;16
2207;0.311325375;1.234053942;20
2208;0.030356379;2.144867571;12
2209;0.367298694;0.969053646;15
2210;0.40131021;1.59217145;5
2211;0.207385079;1.451160639;12
2212;0.169465382;1.804438912;21
2213;0.519869472;0.783820278;15
2214;0.357172532;1.011106517;16
2215;0.306930318;1.303975312;12
2216;0.042386036;1.196506647;20
2217;0.479569642;0.788325978;15
2218;0.407432391;2.415875382;27
2219;0.036156191;1.49287984;11
2220;0.060312239;1.257917241;13
2221;0.449409564;2.209782536;10
2222;0.353408818;2.259344919;26
2223;0.338750318;1.179318443;16
2224;0.284897336;0.971055976;15
2225;0.078718253;2.015704816;13
2226;0.121486986;1.010939671;15
2227;0.10458584;1.234053854;20
2228;0.367842639;0.783820283;15
2229;0.337085085;0.788326058;15
2230;0.27124015;1.303975246;12
2231;0.402236171;2.192761016;12
2232;0.394114846;0.880108289;15
2233;0.236769292;2.415875271;27
2234;0.23183979;2.115497218;12
2235;0.490493226;0.977564299;15
2236;0.312515889;1.037806877;15
2237;0.448452892;1.585996994;6
2238;0.307042476;2.057757663;19
2239;0.19352643;0.884113292;15
2240;0.530619873;1.303975321;12
2241;0.371558569;1.524085874;14
2242;0.174208706;0.71139577;15
2243;0.4872765;1.388248183;10
2244;0.083408212;1.303975309;12
2245;0.341838505;2.172235266;12
2246;0.127098341;1.557127401;13
2247;0.116917524;0.886115754;15
2248;0.039353065;1.012942179;15
2249;0.448142999;1.303975377;12
2250;0.196136478;1.722168624;22
2251;0.022727742;1.585996969;6
2252;0.017413971;1.592171471;5
2253;0.248229778;1.009604591;14
2254;0.154043214;1.055829488;8
2255;0.311744705;1.524085901;14
2256;0.354514029;1.303975445;12
2257;0.501482504;1.30998286;12
2258;0.482633775;0.969053413;15
2259;0.477624775;0.850404193;15
2260;0.326950061;2.115497002;12
2261;0.247448072;2.144867545;12
2262;0.325485149;0.886115799;15
2263;0.372910698;0.807016146;15
2264;0.072849501;0.711395745;15
2265;0.351390837;0.880108266;15
2266;0.380409533;1.011106511;16
2267;0.445242905;1.303975246;12
2268;0.15726076;1.288789633;20
2269;0.273771242;1.592171466;5
2270;0.243840748;2.144867513;12
2271;0.010447196;1.800100005;28
2272;0.063752451;0.807016243;15
2273;0.293074255;1.270600054;18
2274;0.533037528;1.303975332;12
2275;0.226474546;0.969053555;15
2276;0.191600185;1.288789584;20
2277;0.367728949;1.303975292;12
2278;0.411969427;0.971056038;15
2279;0.087639954;2.036397589;13
2280;0.484586275;1.303975308;12
2281;0.093715489;0.971056151;15
2282;0.076830056;0.9710561;15
2283;0.285892158;1.451160483;12
2284;0.491700652;1.159126275;16
2285;0.407908471;0.807016212;15
2286;0.414658875;1.303975318;12
2287;0.128333358;1.234054;20
2288;0.054648162;1.135429851;16
2289;0.414611115;1.475524773;13
2290;0.372324723;0.880108207;15
2291;0.218554668;1.062337589;15
2292;0.074615465;1.276607475;18
2293;0.512461692;1.035804307;15
2294;0.310023561;2.055755369;19
2295;0.062401692;2.172235217;12
2296;0.059621285;1.288789638;20
2297;0.355478595;1.391752545;21
2298;0.402490463;1.995012285;20
2299;0.049489906;2.144867435;12
2300;0.402574842;1.257917253;13
2301;0.054896129;1.531428471;16
2302;0.35882366;1.035804288;15
2303;0.198648128;0.828209498;15
2304;0.31725333;1.012942183;15
2305;0.096860529;1.012942025;15
2306;0.340200558;0.783820297;15
2307;0.057011324;1.585997046;6
2308;0.496664988;0.788325961;15
2309;0.334345229;1.987002077;12
2310;0.154544253;1.309982851;12
2311;0.197686447;0.977564258;15
2312;0.327309743;0.971056133;15
2313;0.475398073;0.884113362;15
2314;0.288477204;1.012942101;15
2315;0.099333104;1.496384205;8
2316;0.428032425;1.804438755;21
2317;0.219231293;2.144867597;12
2318;0.358124177;1.303975157;12
2319;0.240689976;1.590502732;11
2320;0.295478704;1.012942067;15
2321;0.12701078;2.548375596;27
2322;0.368605188;1.01511158;16
2323;0.203949179;1.303975296;12
2324;0.027173028;2.165727101;26
2325;0.122713347;1.01294213;15
2326;0.485010263;0.711395795;15
2327;0.41789442;0.836052769;15
2328;0.385197853;0.783820265;15
2329;0.485775439;2.115497142;12
2330;0.381853489;0.836052819;15
2331;0.388880583;1.524753287;18
2332;0.28562902;1.56997701;10
2333;0.106692253;1.303975366;12
2334;0.252751506;1.159126148;16
2335;0.420416473;1.299469747;20
2336;0.322884269;1.039809282;15
2337;0.264863336;1.585997096;6
2338;0.406166878;2.177909207;26
2339;0.32441911;2.074111763;12
2340;0.020993777;1.527590214;15
2341;0.281599537;1.475524604;13
2342;0.186093456;0.97756422;15
2343;0.31556343;2.415875348;27
2344;0.232430488;1.325669333;19
2345;0.260409074;0.783820288;15
2346;0.233447007;1.30397521;12
2347;0.117563209;0.71139579;15
2348;0.365894796;2.026385022;12
2349;0.224021403;0.971056115;15
2350;0.074487724;1.475524481;13
2351;0.276505525;1.30397542;12
2352;0.230781276;1.291459524;12
2353;0.427571893;1.531428378;16
2354;0.367724314;1.303975342;12
2355;0.114654265;2.063264834;21
2356;0.481238819;1.303975354;12
2357;0.193263527;1.80877752;27
2358;0.430250954;1.531428391;16
2359;0.264434153;0.788326054;15
2360;0.030557931;2.015704906;13
2361;0.115007299;1.011106622;16
2362;0.062973033;1.569976959;10
2363;0.084721829;0.85040407;15
2364;0.220916771;2.177909126;26
2365;0.47638542;1.531428272;16
2366;0.426220323;1.303975299;12
2367;0.465926472;0.783820423;15
2368;0.094560345;0.971055997;15
2369;0.048879921;1.524085768;14
2370;0.27932784;1.995012071;20
2371;0.106904152;2.138526161;13
2372;0.295165532;1.39175254;21
2373;0.297721282;1.035804274;15
2374;0.325819628;1.451160681;12
2375;0.245142005;1.327671849;11
2376;0.527307315;0.969053661;15
2377;0.316100856;1.052992696;14
2378;0.24805009;1.995012093;20
2379;0.313036123;0.884113282;15
2380;0.044764964;1.388248086;10
2381;0.031132669;2.184750957;11
2382;0.280965007;1.303474705;13
2383;0.224555736;1.011106477;16
2384;0.305901463;1.035804289;15
2385;0.382529883;0.969053549;15
2386;0.34959395;1.0111064;16
2387;0.270788464;1.196506704;20
2388;0.343070312;1.590502816;11
2389;0.516824173;0.783820271;15
2390;0.421876941;2.015704786;13
2391;0.356046249;1.44799014;18
2392;0.243254244;0.977564263;15
2393;0.465526949;0.971056068;15
2394;0.376666592;0.886115893;15
2395;0.07408148;1.010939583;15
2396;0.382004953;1.309982833;12
2397;0.04078901;1.015111548;16
2398;0.501198581;0.969053477;15
2399;0.265034673;2.177909118;26
2400;0.470907461;1.288789496;20
2401;0.453040875;1.055829501;8
2402;0.192284269;1.303975349;12
2403;0.447636778;0.783820345;15
2404;0.113852896;1.800100049;28
2405;0.224320731;1.327671685;11
2406;0.224413592;1.496384226;8
2407;0.513243235;0.807016125;15
2408;0.373625513;1.49271306;12
2409;0.455339856;0.971056167;15
2410;0.520928527;1.303975205;12
2411;0.252045506;1.055829525;8
2412;0.053580735;1.303975313;12
2413;0.379373633;1.012942119;15
2414;0.31106218;2.228138977;10
2415;0.384011339;1.01110635;16
2416;0.349457901;0.788325993;15
2417;0.319867306;1.035804332;15
2418;0.087204428;2.115497144;12
2419;0.421578219;1.011106537;16
2420;0.193511358;1.303975486;12
2421;0.105660984;2.057757757;19
2422;0.135778694;0.969053576;15
2423;0.475823992;1.804438844;21
2424;0.199408279;1.585996952;6
2425;0.371784666;0.971056166;15
2426;0.316145586;1.592171445;5
2427;0.179147156;1.303975318;12
2428;0.413120352;1.303474684;13
2429;0.046509676;2.415875345;27
2430;0.238002708;1.035804354;15
2431;0.302282074;1.804438785;21
2432;0.317754378;1.276607505;18
2433;0.413160577;0.96905358;15
2434;0.480513026;1.428131655;13
2435;0.337229733;2.036397542;13
2436;0.099581829;1.309982793;12
2437;0.034797526;1.804438814;21
2438;0.097372892;2.415875433;27
2439;0.107531526;1.011106411;16
2440;0.458698375;1.01294215;15
2441;0.023019629;1.531428391;16
2442;0.544773741;1.055829441;8
2443;0.21227707;2.115497164;12
2444;0.112598832;2.41587543;27
2445;0.257195323;1.01110654;16
2446;0.540450249;1.388248128;10
2447;0.325406638;2.417878041;27
2448;0.487708623;0.88010829;15
2449;0.069184553;0.977564234;15
2450;0.190667106;1.593339673;10
2451;0.403016191;1.055829552;8
2452;0.042813029;1.234053892;20
2453;0.275545214;0.880108139;15
2454;0.372592204;0.884113295;15
2455;0.084278792;0.971056094;15
2456;0.417314539;0.884113392;15
2457;0.201615803;1.087536175;16
2458;0.317569384;1.037806784;15
2459;0.028743554;1.585997208;6
2460;0.433827891;1.011106648;16
2461;0.127732943;1.012942108;15
2462;0.055636593;2.015704921;13
2463;0.314326917;1.011106552;16
2464;0.494059752;1.391752483;21
2465;0.36344821;1.527590145;15
2466;0.344994613;1.585996969;6
2467;0.024010117;2.063264857;21
2468;0.145830119;1.475524646;13
2469;0.432981625;1.388248076;10
2470;0.42962898;1.309982953;12
2471;0.426897805;2.055755253;19
2472;0.239265216;0.880108276;15
2473;0.272968477;0.977564419;15
2474;0.342625087;0.971056209;15
2475;0.381789209;1.009604503;14
2476;0.31311582;0.971056279;15
2477;0.441448544;1.769895254;30
2478;0.479778635;2.11549713;12
2479;0.113140271;1.327671955;11
2480;0.362770946;0.971056182;15
2481;0.460926999;0.971056082;15
2482;0.302093201;1.59217146;5
2483;0.33203031;1.475524621;13
2484;0.301655655;0.788326;15
2485;0.296815624;1.592171409;5
2486;0.122742453;0.969053516;15
2487;0.275932134;1.011106642;16
2488;0.352674994;0.850404105;15
2489;0.485318058;1.537269072;10
2490;0.296628767;1.01093966;15
2491;0.21308145;1.327671885;11
2492;0.060833869;0.969053663;15
2493;0.508349626;0.969053491;15
2494;0.323334038;1.309982939;12
2495;0.267347051;1.234053953;20
2496;0.299846601;2.180245513;12
2497;0.143928049;1.527590201;15
2498;0.466900352;1.299469608;20
2499;0.087460403;1.303975206;12
2500;0.082803947;0.711395794;15
2501;0.152415814;0.971055985;15
2502;0.357841125;2.138526217;13
2503;0.027952101;2.548375606;27
2504;0.395461892;0.788326007;15
2505;0.25387515;1.56997696;10
2506;0.281907497;1.327671763;11
2507;0.403379639;0.969053617;15
2508;0.222456594;2.026384987;12
2509;0.330981555;1.592171454;5
2510;0.309721002;1.447989946;18
2511;0.135556568;1.769895413;30
2512;0.435982453;0.78832598;15
2513;0.437472422;1.309982705;12
2514;0.217251649;0.977564188;15
2515;0.271092828;0.783820283;15
2516;0.193131067;1.769895367;30
2517;0.292090873;0.969053531;15
2518;0.119325865;1.53142832;16
2519;0.48195065;0.969053633;15
2520;0.33096816;1.052992616;14
2521;0.174454484;1.303975393;12
2522;0.318172215;0.977564376;15
2523;0.419804895;1.303474761;13
2524;0.227552208;1.011106593;16
2525;0.298572568;2.372153639;14
2526;0.267397874;1.011106513;16
2527;0.344005587;1.557127426;13
2528;0.292137603;1.062337778;15
2529;0.356172381;1.303975467;12
2530;0.169341295;0.969053573;15
2531;0.446497702;0.969053472;15
2532;0.353407929;0.969053634;15
2533;0.226708031;1.011106506;16
2534;0.397271209;1.327671781;11
2535;0.382950496;1.037806885;15
2536;0.355685615;1.808777639;27
2537;0.245211134;1.585997119;6
2538;0.333264491;1.804438728;21
2539;0.426264751;1.012942041;15
2540;0.351303874;1.303975349;12
2541;0.04461839;1.804438891;21
2542;0.475408097;1.585997189;6
2543;0.130313474;1.303975215;12
2544;0.451554468;0.977564246;15
2545;0.199378124;1.496384273;8
2546;0.345023702;1.327671881;11
2547;0.233047312;2.144867508;12
2548;0.351339331;1.524753358;18
2549;0.224568381;0.783820366;15
2550;0.163629036;1.585997115;6
2551;0.049163175;2.172235395;12
2552;0.382668061;0.977564244;15
2553;0.34594868;1.327671691;11
2554;0.34178749;2.177908987;26
2555;0.403405943;0.884113234;15
2556;0.090815921;1.303975298;12
2557;0.411746637;1.593339604;10
2558;0.176936037;2.074111665;12
2559;0.449354762;0.711395676;15
2560;0.136141944;1.011106523;16
2561;0.114531468;1.011106494;16
2562;0.239332206;0.850404138;15
2563;0.19433751;2.177909093;26
2564;0.380256151;1.179318408;16
2565;0.310929325;0.969053618;15
2566;0.428643308;1.012942222;15
2567;0.469394128;0.830045243;15
2568;0.258948944;1.428131521;13
2569;0.305659044;1.303975294;12
2570;0.507100448;0.872098161;15
2571;0.468440239;1.303975307;12
2572;0.172181966;0.969053517;15
2573;0.345526312;1.291459652;12
2574;0.34535328;1.303975381;12
2575;0.103648543;1.055829457;8
2576;0.171354048;1.987002033;12
2577;0.312639151;1.035804333;15
2578;0.195454571;0.969053631;15
2579;0.354359729;0.783820277;15
2580;0.312241865;1.055829409;8
2581;0.48214574;1.527590239;15
2582;0.104306434;2.228139007;10
2583;0.404195177;2.41787799;27
2584;0.243836202;1.388247988;10
2585;0.448505926;1.585996996;6
2586;0.361208478;2.057757767;19
2587;0.161981423;1.012942044;15
2588;0.337794857;0.88611589;15
2589;0.455530312;1.537269066;10
2590;0.22465897;1.391752461;21
2591;0.434825391;1.722168369;22
2592;0.25979142;0.783820348;15
2593;0.40145315;1.524753311;18
2594;0.151117609;0.971056059;15
2595;0.080484107;2.144867575;12
2596;0.450209141;0.971056146;15
2597;0.446897848;0.971056095;15
2598;0.506767597;1.475524466;13
2599;0.145923007;0.969053515;15
2600;0.434621344;1.303975363;12
2601;0.242113931;0.872098113;15
2602;0.347491966;0.971056078;15
2603;0.487320295;0.711395824;15
2604;0.396427367;1.475524627;13
2605;0.207249285;1.010939689;15
2606;0.096768962;1.299469657;20
2607;0.423076987;0.783820266;15
2608;0.089762152;0.783820393;15
2609;0.10145928;2.228139075;10
2610;0.458907088;0.788325974;15
2611;0.265103994;2.144867454;12
2612;0.419633334;2.026384857;12
2613;0.245493692;1.012942134;15
2614;0.428953019;1.804438963;21
2615;0.452665887;1.17931834;16
2616;0.326057782;0.971056082;15
2617;0.151002503;2.228138951;10
2618;0.048089671;1.571645697;13
2619;0.104025753;2.172235296;12
2620;0.423327934;0.83605286;15
2621;0.113974938;1.011106539;16
2622;0.319769336;0.884113257;15
2623;0.340464364;1.012942228;15
2624;0.484611635;1.585997229;6
2625;0.324138922;2.215623163;12
2626;0.320204773;0.83004519;15
2627;0.265847099;1.537269092;10
2628;0.268600016;1.234053988;20
2629;0.337999779;0.88010825;15
2630;0.281522075;0.783820247;15
2631;0.203339304;2.228138997;10
2632;0.422070464;0.971056061;15
2633;0.142069917;1.391752448;21
2634;0.499593425;0.71139579;15
2635;0.379604998;0.971056095;15
2636;0.491814083;2.209782552;10
2637;0.279288375;1.303975309;12
2638;0.055404409;1.015111561;16
2639;0.238000822;1.303975187;12
2640;0.302140559;1.469183237;9
2641;0.275327619;2.11549716;12
2642;0.384659365;2.415875318;27
2643;0.0442871;0.969053526;15
2644;0.124557617;1.309982794;12
2645;0.357087344;0.711395752;15
2646;0.526348201;0.880108202;15
2647;0.313545764;1.288789663;20
2648;0.329109769;1.46918334;9
2649;0.336151915;1.062337739;15
2650;0.033736588;1.037806845;15
2651;0.208189842;0.969053583;15
2652;0.482379507;1.537269139;10
2653;0.413381818;1.087536098;16
2654;0.227130299;2.41587535;27
2655;0.083280683;1.808777518;27
2656;0.357798028;0.783820259;15
2657;0.309080263;1.44798994;18
2658;0.0319057;2.036397472;13
2659;0.293096004;1.303975348;12
2660;0.422152312;1.01294211;15
2661;0.103811896;0.969053622;15
2662;0.475193073;1.035804255;15
2663;0.23801688;1.299469682;20
2664;0.490435971;0.836052784;15
2665;0.377292702;0.807016279;15
2666;0.334947127;2.228139208;10
2667;0.27517387;1.303474582;13
2668;0.399478314;0.977564355;15
2669;0.343432172;1.234053886;20
2670;0.033691068;0.969053553;15
2671;0.302269048;1.303975271;12
2672;0.370705566;1.898557295;22
2673;0.352519101;1.303474695;13
2674;0.344391114;1.011106612;16
2675;0.50578694;1.062337864;15
2676;0.359009538;1.309982944;12
2677;0.306672874;0.886115739;15
2678;0.240863436;2.177909137;26
2679;0.034042283;1.492879832;11
2680;0.506540518;1.012942199;15
2681;0.301065642;1.01110655;16
2682;0.211241988;2.026384882;12
2683;0.479450344;2.180245318;12
2684;0.33499812;0.969053595;15
2685;0.518880132;1.039809363;15
2686;0.376767656;1.012942138;15
2687;0.295043008;2.228139171;10
2688;0.495212941;1.303975228;12
2689;0.365228341;1.30397528;12
2690;0.337663039;1.011106473;16
2691;0.492478385;0.977564287;15
2692;0.199516808;1.498887293;17
2693;0.220871108;0.711395748;15
2694;0.148715976;1.012942168;15
2695;0.343919899;2.17223522;12
2696;0.04371575;1.327671885;11
2697;0.405151832;1.159126319;16
2698;0.358883074;2.25934499;26
2699;0.166383565;1.012942188;15
2700;0.525685545;1.303975428;12
2701;0.461133101;1.527590061;15
2702;0.426766352;2.184750979;11
2703;0.127908742;0.971056158;15
2704;0.141846703;2.073444258;14
2705;0.387668937;1.015111635;16
2706;0.282557935;1.291459541;12
2707;0.397033673;1.303975292;12
2708;0.02160441;1.800100145;28
2709;0.272348681;1.593339601;10
2710;0.19037065;1.447989931;18
2711;0.404975773;0.783820254;15
2712;0.445640281;0.971056021;15
2713;0.255580353;2.228138894;10
2714;0.446276576;1.011106561;16
2715;0.45189856;0.971056077;15
2716;0.100335218;0.977564341;15
2717;0.280572714;0.969053629;15
2718;0.029132672;1.055829494;8
2719;0.124379944;1.23405388;20
2720;0.169720172;1.804438756;21
2721;0.146466139;1.585997169;6
2722;0.311691604;2.172235308;12
2723;0.18515646;1.009604554;14
2724;0.371511194;1.276607499;18
2725;0.349533816;0.971056052;15
2726;0.444841287;1.30397531;12
2727;0.486291714;1.011106531;16
2728;0.115391038;1.451160718;12
2729;0.446519206;1.469183325;9
2730;0.320754449;1.303975301;12
2731;0.124408011;1.585997148;6
2732;0.222107731;1.303975254;12
2733;0.184774541;1.531428449;16
2734;0.343356489;1.829303477;21
2735;0.526185582;1.475524596;13
2736;0.385338153;1.569976924;10
2737;0.108596134;0.971056139;15
2738;0.047629236;1.011106578;16
2739;0.029543905;1.055829646;8
2740;0.159393617;1.055829504;8
2741;0.190367482;2.184750968;11
2742;0.395527237;0.836052809;15
2743;0.336518218;2.172235428;12
2744;0.353846254;1.011106597;16
2745;0.496731242;1.327671805;11
2746;0.046548185;1.270599873;18
2747;0.429934715;0.971056159;15
2748;0.455217985;1.987002028;12
2749;0.25230561;1.585997111;6
2750;0.524134501;0.88411323;15
2751;0.435515443;0.886115761;15
2752;0.425025551;1.469183341;9
2753;0.106921674;2.14486743;12
2754;0.488776274;1.327671768;11
2755;0.322912039;1.469183305;9
2756;0.343042156;1.009604626;14
2757;0.399834633;1.303975345;12
2758;0.520306603;0.977564176;15
2759;0.48928318;1.61219664;9
2760;0.207511646;0.971056131;15
2761;0.428552002;0.848401666;15
2762;0.230931756;1.309982865;12
2763;0.421777702;0.969053588;15
2764;0.352698373;1.995012277;20
2765;0.287048455;1.291459674;12
2766;0.150422823;1.47552462;13
2767;0.315535914;1.039809422;15
2768;0.267242553;0.783820391;15
2769;0.270470331;1.569976901;10
2770;0.264109257;1.035804338;15
2771;0.299433826;1.492879981;11
2772;0.09097567;1.498887394;17
2773;0.309272475;1.303975305;12
2774;0.099405226;1.234053919;20
2775;0.115653208;1.288789473;20
2776;0.047457982;1.035804313;15
2777;0.489025643;0.711395773;15
2778;0.032513219;1.05299263;14
2779;0.098372498;1.325669281;19
2780;0.473968821;0.971056185;15
2781;0.228433256;1.299469569;20
2782;0.352215376;0.848401598;15
2783;0.448432877;1.303975345;12
2784;0.293435093;1.808777684;27
2785;0.027189906;1.012942042;15
2786;0.144494746;1.303975332;12
2787;0.470916501;1.309982895;12
2788;0.510744855;0.971056104;15
2789;0.362719925;1.01110655;16
2790;0.247499247;1.76989525;30
2791;0.257332895;2.165726997;26
2792;0.112905614;1.593339858;10
2793;0.228868724;2.209782551;10
2794;0.439163494;2.415875394;27
2795;0.48147412;0.971055977;15
2796;0.348673942;1.303975452;12
2797;0.487127406;1.303975258;12
2798;0.537303937;1.303975359;12
2799;0.259723034;1.388248217;10
2800;0.067482581;1.303975186;12
2801;0.468108295;0.977564291;15
2802;0.272172253;1.055829599;8
2803;0.207590397;1.498887316;17
2804;0.151756565;1.309982834;12
2805;0.334277975;0.880108179;15
2806;0.043441872;0.711395859;15
2807;0.197551385;1.769895351;30
2808;0.262207206;1.179318439;16
2809;0.416264201;2.228139138;10
2810;0.056517161;2.057757871;19
2811;0.461270216;0.977564266;15
2812;0.436425395;1.299469765;20
2813;0.156578735;0.971056105;15
2814;0.043615122;1.592171434;5
2815;0.065714206;1.391752523;21
2816;0.433719029;1.808777624;27
2817;0.199581241;1.303975254;12
2818;0.425427983;2.026384994;12
2819;0.020939873;1.524085823;14
2820;0.145392586;1.299469575;20
2821;0.263398475;2.209782579;10
2822;0.368819198;1.303975349;12
2823;0.063661686;1.303975246;12
2824;0.187701189;1.159126341;16
2825;0.209276312;0.971056207;15
2826;0.355373114;0.88411336;15
2827;0.20423893;1.524753341;18
2828;0.481884563;1.303975234;12
2829;0.160285545;1.388248082;10
2830;0.070094748;1.011106583;16
2831;0.377966363;1.531428351;16
2832;0.515807054;0.977564335;15
2833;0.166195712;1.288789576;20
2834;0.022007353;1.585996991;6
2835;0.251452775;2.415875404;27
2836;0.318490032;1.055829581;8
2837;0.076309642;2.026384912;12
2838;0.415834764;1.829303388;21
2839;0.175172127;1.585997103;6
2840;0.35273255;0.977564219;15
2841;0.014908361;2.184584287;11
2842;0.382547279;1.303975331;12
2843;0.150067737;1.01110652;16
2844;0.186863921;1.011106524;16
2845;0.323097042;1.196506653;20
2846;0.196701853;2.144867687;12
2847;0.25293366;0.969053596;15
2848;0.151453145;1.524753329;18
2849;0.177152359;1.011106546;16
2850;0.463696316;0.969053496;15
2851;0.312241937;1.011106536;16
2852;0.063401608;2.172235325;12
2853;0.281764401;1.588667178;12
2854;0.039283204;2.209782588;10
2855;0.484616187;0.969053559;15
2856;0.091198144;0.884113172;15
2857;0.536668947;0.977564353;15
2858;0.129943937;1.23405397;20
2859;0.316095627;2.165727087;26
2860;0.041598606;1.303975304;12
2861;0.220526459;1.010939611;15
2862;0.074259544;0.971055996;15
2863;0.089377532;1.159126148;16
2864;0.135194546;1.257917409;13
2865;0.521167115;1.447990021;18
2866;0.351192261;1.303975343;12
2867;0.245489642;1.451160664;12
2868;0.438793529;2.192761176;12
2869;0.49884608;1.179318342;16
2870;0.228372162;1.288789397;20
2871;0.442694624;0.971056027;15
2872;0.381161596;1.087536077;16
2873;0.193094668;0.850404107;15
2874;0.153465475;0.977564406;15
2875;0.531885148;0.969053573;15
2876;0.142330091;1.009604577;14
2877;0.469589987;1.475524657;13
2878;0.472486155;0.969053606;15
2879;0.335666573;1.03580434;15
2880;0.29304734;1.011106647;16
2881;0.333928729;1.011106407;16
2882;0.105296348;1.303474799;13
2883;0.138633898;1.30397542;12
2884;0.251915502;0.880108262;15
2885;0.461272002;0.783820297;15
2886;0.382331783;1.270600036;18
2887;0.477846591;1.804438824;21
2888;0.370236889;1.325669187;19
2889;0.103611591;0.971056074;15
2890;0.43284381;0.97756436;15
2891;0.469050598;1.012942205;15
2892;0.32528885;1.234053886;20
2893;0.147016032;2.548375557;27
2894;0.457997347;1.01294212;15
2895;0.480251874;0.971056163;15
2896;0.539131018;1.055829532;8
2897;0.143372681;0.783820348;15
2898;0.276227291;1.808777538;27
2899;0.23058389;1.035804172;15
2900;0.320660493;1.035804261;15
2901;0.24582613;2.180245386;12
2902;0.256406455;1.569976935;10
2903;0.228468092;2.184751059;11
2904;0.286184844;1.009604669;14
2905;0.027041328;1.309982931;12
2906;0.392039705;0.971056143;15
2907;0.111949242;2.548375452;27
2908;0.27208665;1.603185501;13
2909;0.291971461;1.055829421;8
2910;0.047356711;1.303975341;12
2911;0.137720732;1.303975382;12
2912;0.412267683;0.884113323;15
2913;0.311673568;1.303975286;12
2914;0.304806233;1.276607594;18
2915;0.449031041;1.325669243;19
2916;0.422119571;2.172235148;12
2917;0.250632803;1.037806761;15
2918;0.485193288;2.026384933;12
2919;0.491710334;0.783820247;15
2920;0.238808296;1.303975289;12
2921;0.531321561;0.971056179;15
2922;0.362363304;2.015704782;13
2923;0.159315971;1.299469625;20
2924;0.441792969;1.30397522;12
2925;0.48910246;0.872098153;15
2926;0.473325168;1.299469665;20
2927;0.24545759;1.585997197;6
2928;0.014845233;2.115497308;12
2929;0.431697154;2.115497277;12
2930;0.349899868;1.196506597;20
2931;0.49752636;0.7838203;15
2932;0.049292263;1.011106559;16
2933;0.450371534;1.804438882;21
2934;0.432613703;1.603185401;13
2935;0.082930604;1.303975315;12
2936;0.472482641;1.012942079;15
2937;0.274794759;1.012942176;15
2938;0.134402066;1.012942191;15
2939;0.452572181;1.327671789;11
2940;0.197118769;1.012942127;15
2941;0.223471437;1.829303449;21
2942;0.124897025;1.524085877;14
2943;0.309647894;1.288789574;20
2944;0.059359372;0.969053518;15
2945;0.53749415;1.01294221;15
2946;0.402897595;1.527590356;15
2947;0.167523034;0.850404038;15
2948;0.443081022;1.303975411;12
2949;0.253344;0.977564293;15
2950;0.32525109;1.303975337;12
2951;0.504871327;1.012942176;15
2952;0.143512547;0.783820338;15
2953;0.38484064;1.303975297;12
2954;0.383733515;2.172235164;12
2955;0.406500078;0.969053564;15
2956;0.196723546;0.884113342;15
2957;0.273127842;1.527590157;15
2958;0.401360365;1.234054097;20
2959;0.401148549;0.711395732;15
2960;0.543956037;1.309982834;12
2961;0.353425923;1.009604608;14
2962;0.142142789;1.588667044;12
2963;0.480661989;1.49271304;12
2964;0.100711493;1.303975222;12
2965;0.374486768;1.44798989;18
2966;0.372929405;0.711395678;15
2967;0.450378827;1.303975361;12
2968;0.276818395;0.977564293;15
2969;0.528818123;0.969053558;15
2970;0.368441226;1.804438805;21
2971;0.194359474;1.524085866;14
2972;0.40653996;1.303975221;12
2973;0.088554752;1.303975458;12
2974;0.368073716;0.977564335;15
2975;0.335727888;1.303975404;12
2976;0.060947372;2.548375537;27
2977;0.277518579;1.303975307;12
2978;0.42115802;1.527590341;15
2979;0.215451166;1.327671792;11
2980;0.088692887;0.977564333;15
2981;0.039301191;2.22813917;10
2982;0.116106647;2.015704782;13
2983;0.145888762;2.07344428;14
2984;0.077445855;0.969053642;15
2985;0.426805023;1.276607461;18
2986;0.179202099;2.548375632;27
2987;0.233037022;0.886115852;15
2988;0.026424789;1.303975315;12
2989;0.411757;1.590502877;11
2990;0.40943609;1.039809298;15
2991;0.501922896;0.971056031;15
2992;0.142725493;1.531428419;16
2993;0.332692614;1.593339748;10
2994;0.383021631;1.009604606;14
2995;0.205673405;1.011106499;16
2996;0.481540332;1.309982836;12
2997;0.471977265;1.492879882;11
2998;0.132257251;1.590502749;11
2999;0.356903628;0.977564321;15
3000;0.351660359;2.379162583;27
3001;0.247077366;1.490543702;12
3002;0.314934118;0.783820316;15
3003;0.190500613;0.788325995;15
3004;0.325589623;2.548375434;27
3005;0.249367954;1.159126243;16
3006;0.268331869;0.783820401;15
3007;0.119395886;1.257917213;13
3008;0.390006898;0.807016174;15
3009;0.284639904;1.012942153;15
3010;0.076749086;1.303975289;12
3011;0.16336531;1.288789445;20
3012;0.391015155;2.115497158;12
3013;0.331041328;0.969053531;15
3014;0.260269051;2.20978256;10
3015;0.248965074;1.039809352;15
3016;0.503191216;0.884113248;15
3017;0.323330863;1.804438873;21
3018;0.336872135;0.783820246;15
3019;0.365693909;1.391752459;21
3020;0.161560461;1.325669235;19
3021;0.066458807;2.074111633;12
3022;0.335915163;0.97105599;15
3023;0.391130029;1.327671959;11
3024;0.109976631;0.971056049;15
3025;0.24097093;1.303975345;12
3026;0.494650094;1.303975423;12
3027;0.172850605;1.537269069;10
3028;0.448021945;1.276607455;18
3029;0.176101492;1.303975349;12
3030;0.497516916;1.303975492;12
3031;0.086154177;1.276607526;18
3032;0.159616032;1.299469518;20
3033;0.389027712;0.783820386;15
3034;0.467023769;2.172235264;12
3035;0.069978093;1.447990003;18
3036;0.094278054;1.590502832;11
3037;0.422685673;1.49271289;12
3038;0.066407518;1.492713084;12
3039;0.441028892;2.115497137;12
3040;0.53721165;0.977564396;15
3041;0.485288927;1.011106551;16
3042;0.134607676;1.055829465;8
3043;0.036243366;1.325669282;19
3044;0.314332368;1.537268971;10
3045;0.055609901;0.969053562;15
3046;0.375840516;1.585997241;6
3047;0.54882203;1.035804441;15
3048;0.245470024;1.30397534;12
3049;0.390273301;0.969053508;15
3050;0.146122531;1.585997065;6
3051;0.322393674;0.969053565;15
3052;0.226720649;0.969053479;15
3053;0.039593249;0.884113241;15
3054;0.078274821;1.010939676;15
3055;0.459447437;1.3039754;12
3056;0.251445583;2.548375475;27
3057;0.048445086;1.012942214;15
3058;0.29650643;2.172235392;12
3059;0.408269597;1.585997037;6
3060;0.275308267;1.573481401;7
3061;0.219153824;1.288789433;20
3062;0.416886155;1.475524568;13
3063;0.151140567;1.593339596;10
3064;0.118177387;1.303975321;12
3065;0.529231156;0.807016232;15
3066;0.311507824;2.144867473;12
3067;0.347840265;0.971056072;15
3068;0.309628052;1.588667161;12
3069;0.184176503;1.055829463;8
3070;0.445366845;1.537269147;10
3071;0.115949068;1.291459529;12
3072;0.441252296;1.804438796;21
3073;0.043214933;1.196506576;20
3074;0.050907035;1.303975283;12
3075;0.234615217;0.711395756;15
3076;0.319623045;1.011106543;16
3077;0.232314924;0.807016207;15
3078;0.051428169;0.880108164;15
3079;0.264434667;0.971056066;15
3080;0.297728288;1.012942156;15
3081;0.213671697;2.415875466;27
3082;0.257938003;0.977564207;15
3083;0.362613958;1.804438859;21
3084;0.414414681;1.829303564;21
3085;0.341032099;0.848401644;15
3086;0.368500055;0.977564339;15
3087;0.376271429;1.012942144;15
3088;0.22109988;0.977564187;15
3089;0.213269536;2.415875362;27
3090;0.409361439;2.415875418;27
3091;0.456509106;2.026384854;12
3092;0.092980592;2.057757851;19
3093;0.178844241;2.4158754;27
3094;0.017490338;2.026384874;12
3095;0.057373941;1.524753317;18
3096;0.275741324;1.009604635;14
3097;0.147998973;1.062337717;15
3098;0.388801907;1.291459547;12
3099;0.418528138;2.057758006;19
3100;0.340682982;1.011106553;16
3101;0.350167206;0.783820382;15
3102;0.349465831;1.327671722;11
3103;0.155893651;1.011106547;16
3104;0.052248011;0.971056045;15
3105;0.343893669;1.524753348;18
3106;0.285716472;2.063264735;21
3107;0.529264932;1.035804281;15
3108;0.224633334;1.39175251;21
3109;0.177613028;1.288789536;20
3110;0.16193841;1.808777753;27
3111;0.238871194;1.603185484;13
3112;0.357828473;0.971056089;15
3113;0.055841809;0.71139589;15
3114;0.172792812;1.451160609;12
3115;0.032199599;1.327671806;11
3116;0.246572675;0.884113329;15
3117;0.512130594;0.828209536;15
3118;0.101180104;1.012942197;15
3119;0.117149599;0.97105601;15
3120;0.469728197;1.447989901;18
3121;0.546454194;0.788325986;15
3122;0.168472847;0.969053622;15
3123;0.128809917;1.451160692;12
3124;0.406178917;0.971056186;15
